薬価基準収載医薬品コード,品名,成分名,規格,メーカー名,薬価,後発医薬品最高価格,長期収載品と後発医薬品の価格差の２分の１,保険外併用療養費の算出に用いる価格,
1124001F2029,ユーロジン２ｍｇ錠,エスタゾラム,２ｍｇ１錠,Ｔ’ｓ製薬,7.40,6.30,0.55,6.85,
1124003F2222,ベンザリン錠５,ニトラゼパム,５ｍｇ１錠,共和薬品工業,7.20,6.30,0.45,6.75,
1124003F3121,ベンザリン錠１０,ニトラゼパム,１０ｍｇ１錠,共和薬品工業,11.70,6.30,2.70,9.00,
1124007F1020,ハルシオン０．１２５ｍｇ錠,トリアゾラム,０．１２５ｍｇ１錠,ファイザー,6.30,6.10,0.10,6.20,
1124007F2026,ハルシオン０．２５ｍｇ錠,トリアゾラム,０．２５ｍｇ１錠,ファイザー,6.40,6.30,0.05,6.35,
1124008F1024,サイレース錠１ｍｇ,フルニトラゼパム,１ｍｇ１錠,エーザイ,6.40,6.10,0.15,6.25,
1124008F2020,サイレース錠２ｍｇ,フルニトラゼパム,２ｍｇ１錠,エーザイ,7.40,6.30,0.55,6.85,
1124017F2135,２ｍｇセルシン錠,ジアゼパム,２ｍｇ１錠,Ｔ’ｓ製薬,6.40,6.10,0.15,6.25,
1124017F2151,ホリゾン錠２ｍｇ,ジアゼパム,２ｍｇ１錠,丸石製薬,6.40,6.10,0.15,6.25,
1124017F4049,５ｍｇセルシン錠,ジアゼパム,５ｍｇ１錠,Ｔ’ｓ製薬,10.00,6.20,1.90,8.10,
1124017F4162,ホリゾン錠５ｍｇ,ジアゼパム,５ｍｇ１錠,丸石製薬,10.00,6.20,1.90,8.10,
1124017F5037,１０ｍｇセルシン錠,ジアゼパム,１０ｍｇ１錠,Ｔ’ｓ製薬,10.80,6.10,2.35,8.45,
1124026F1022,グランダキシン錠５０,トフィソパム,５０ｍｇ１錠,持田製薬,6.90,6.30,0.30,6.60,
1124029F2022,メイラックス錠２ｍｇ,ロフラゼプ酸エチル,２ｍｇ１錠,Ｍｅｉｊｉ　Ｓｅｉｋａ　ファルマ,12.70,10.80,0.95,11.75,
1124030F1029,ドラール錠１５,クアゼパム,１５ｍｇ１錠,久光製薬,30.90,20.60,5.15,25.75,
1124030F2025,ドラール錠２０,クアゼパム,２０ｍｇ１錠,久光製薬,40.10,26.70,6.70,33.40,
1129007F1026,アモバン錠７．５,ゾピクロン,７．５ｍｇ１錠,サノフィ,10.90,10.80,0.05,10.85,
1129007F2022,アモバン錠１０,ゾピクロン,１０ｍｇ１錠,サノフィ,11.50,10.80,0.35,11.15,
1129008F1039,セディール錠５ｍｇ,タンドスピロンクエン酸塩,５ｍｇ１錠,住友ファーマ,7.40,6.30,0.55,6.85,
1129008F2035,セディール錠１０ｍｇ,タンドスピロンクエン酸塩,１０ｍｇ１錠,住友ファーマ,12.20,8.40,1.90,10.30,
1129008F3023,セディール錠２０ｍｇ,タンドスピロンクエン酸塩,２０ｍｇ１錠,住友ファーマ,21.30,16.50,2.40,18.90,
1129009F1025,マイスリー錠５ｍｇ,ゾルピデム酒石酸塩,５ｍｇ１錠,アステラス製薬,13.80,10.80,1.50,12.30,
1129009F2021,マイスリー錠１０ｍｇ,ゾルピデム酒石酸塩,１０ｍｇ１錠,アステラス製薬,21.50,14.10,3.70,17.80,
1129010F1028,ルネスタ錠１ｍｇ,エスゾピクロン,１ｍｇ１錠,エーザイ,24.20,9.10,7.55,16.65,
1129010F2024,ルネスタ錠２ｍｇ,エスゾピクロン,２ｍｇ１錠,エーザイ,40.30,15.30,12.50,27.80,
1129010F3020,ルネスタ錠３ｍｇ,エスゾピクロン,３ｍｇ１錠,エーザイ,45.60,19.40,13.10,32.50,
1139005B1048,エクセグラン散２０％,ゾニサミド,２０％１ｇ,住友ファーマ,25.20,23.80,0.70,24.50,
1139005F1023,エクセグラン錠１００ｍｇ,ゾニサミド,１００ｍｇ１錠,住友ファーマ,12.60,10.80,0.90,11.70,
1139008F1027,トピナ錠５０ｍｇ,トピラマート,５０ｍｇ１錠,協和キリン,36.10,18.40,8.85,27.25,
1139008F2023,トピナ錠１００ｍｇ,トピラマート,１００ｍｇ１錠,協和キリン,59.90,25.60,17.15,42.75,
1139008F3020,トピナ錠２５ｍｇ,トピラマート,２５ｍｇ１錠,協和キリン,16.50,8.60,3.95,12.55,
1139010F1024,イーケプラ錠２５０ｍｇ,レベチラセタム,２５０ｍｇ１錠,ユーシービージャパン,61.20,24.70,18.25,42.95,
1139010F2020,イーケプラ錠５００ｍｇ,レベチラセタム,５００ｍｇ１錠,ユーシービージャパン,100.30,43.60,28.35,71.95,
1139010R1020,イーケプラドライシロップ５０％,レベチラセタム,５０％１ｇ,ユーシービージャパン,119.60,60.90,29.35,90.25,
1147002F1560,ボルタレン錠２５ｍｇ,ジクロフェナクナトリウム,２５ｍｇ１錠,ノバルティス　ファーマ,6.50,6.10,0.20,6.30,
1149019F1560,ロキソニン錠６０ｍｇ,ロキソプロフェンナトリウム水和物,６０ｍｇ１錠,第一三共,10.80,10.50,0.15,10.65,
1149029F1025,ソレトン錠８０,ザルトプロフェン,８０ｍｇ１錠,日本ケミファ,14.00,10.80,1.60,12.40,
1149032F1027,ハイペン錠１００ｍｇ,エトドラク,１００ｍｇ１錠,日本新薬,6.80,6.30,0.25,6.55,
1149035F1020,モービック錠５ｍｇ,メロキシカム,５ｍｇ１錠,日本ベーリンガーインゲルハイム,10.50,9.50,0.50,10.00,
1149035F2027,モービック錠１０ｍｇ,メロキシカム,１０ｍｇ１錠,日本ベーリンガーインゲルハイム,19.00,14.40,2.30,16.70,
1149037F1020,セレコックス錠１００ｍｇ,セレコキシブ,１００ｍｇ１錠,ヴィアトリス製薬,15.70,8.30,3.70,12.00,
1149037F2026,セレコックス錠２００ｍｇ,セレコキシブ,２００ｍｇ１錠,ヴィアトリス製薬,23.00,12.50,5.25,17.75,
1149038F1024,トラマールＯＤ錠２５ｍｇ,トラマドール塩酸塩,２５ｍｇ１錠,日本新薬,13.90,8.40,2.75,11.15,
1149038F2020,トラマールＯＤ錠５０ｍｇ,トラマドール塩酸塩,５０ｍｇ１錠,日本新薬,23.60,14.30,4.65,18.95,
1149117F1020,トラムセット配合錠,トラマドール塩酸塩・アセトアミノフェン,１錠,ヤンセンファーマ,21.40,14.30,3.55,17.85,
1161001F1050,シンメトレル錠５０ｍｇ,アマンタジン塩酸塩,５０ｍｇ１錠,サンファーマ,7.40,6.30,0.55,6.85,
1162001C1043,アキネトン細粒１％,ビペリデン塩酸塩,１％１ｇ,住友ファーマ,19.20,11.00,4.10,15.10,
1169008F1026,ペルマックス錠５０μｇ,ペルゴリドメシル酸塩,５０μｇ１錠,協和キリン,16.90,13.90,1.50,15.40,
1169008F2022,ペルマックス錠２５０μｇ,ペルゴリドメシル酸塩,２５０μｇ１錠,協和キリン,60.20,57.80,1.20,59.00,
1169012F1022,ビ・シフロール錠０．１２５ｍｇ,プラミペキソール塩酸塩水和物,０．１２５ｍｇ１錠,日本ベーリンガーインゲルハイム,15.70,8.90,3.40,12.30,
1169012F2029,ビ・シフロール錠０．５ｍｇ,プラミペキソール塩酸塩水和物,０．５ｍｇ１錠,日本ベーリンガーインゲルハイム,57.60,33.10,12.25,45.35,
1169012G1028,ミラペックスＬＡ錠０．３７５ｍｇ,プラミペキソール塩酸塩水和物,０．３７５ｍｇ１錠,日本ベーリンガーインゲルハイム,31.90,18.90,6.50,25.40,
1169012G2024,ミラペックスＬＡ錠１．５ｍｇ,プラミペキソール塩酸塩水和物,１．５ｍｇ１錠,日本ベーリンガーインゲルハイム,118.10,67.40,25.35,92.75,
1169013F1027,レキップ錠０．２５ｍｇ,ロピニロール塩酸塩,０．２５ｍｇ１錠,グラクソ・スミスクライン,15.70,14.70,0.50,15.20,
1169013F2023,レキップ錠１ｍｇ,ロピニロール塩酸塩,１ｍｇ１錠,グラクソ・スミスクライン,51.50,27.10,12.20,39.30,
1169013F3020,レキップ錠２ｍｇ,ロピニロール塩酸塩,２ｍｇ１錠,グラクソ・スミスクライン,88.30,48.90,19.70,68.60,
1169013G1022,レキップＣＲ錠２ｍｇ,ロピニロール塩酸塩,２ｍｇ１錠,グラクソ・スミスクライン,67.30,43.30,12.00,55.30,
1169013G2029,レキップＣＲ錠８ｍｇ,ロピニロール塩酸塩,８ｍｇ１錠,グラクソ・スミスクライン,217.50,145.60,35.95,181.55,
1169014F1021,コムタン錠１００ｍｇ,エンタカポン,１００ｍｇ１錠,オリオンファーマ・ジャパン,60.30,24.10,18.10,42.20,
1169015F2022,トレリーフＯＤ錠２５ｍｇ,ゾニサミド,２５ｍｇ１錠,住友ファーマ,513.10,267.00,123.05,390.05,
1169015F3029,トレリーフＯＤ錠５０ｍｇ,ゾニサミド,５０ｍｇ１錠,住友ファーマ,733.60,401.60,166.00,567.60,
1169101F1120,ネオドパストン配合錠Ｌ１００,レボドパ・カルビドパ水和物,１錠,大原薬品工業,12.30,11.30,0.50,11.80,
1169101F2045,ネオドパストン配合錠Ｌ２５０,レボドパ・カルビドパ水和物,１錠,大原薬品工業,36.50,30.00,3.25,33.25,
1172014F2120,レボトミン錠２５ｍｇ,レボメプロマジンマレイン酸塩,２５ｍｇ１錠,田辺ファーマ,8.60,6.30,1.15,7.45,
1179008F2029,ルジオミール錠２５ｍｇ,マプロチリン塩酸塩,２５ｍｇ１錠,サンファーマ,10.20,7.20,1.50,8.70,
1179020C1191,セレネース細粒１％,ハロペリドール,１％１ｇ,住友ファーマ,27.20,14.90,6.15,21.05,
1179034F1050,テシプール錠１ｍｇ,セチプチリンマレイン酸塩,１ｍｇ１錠,持田製薬,7.00,6.30,0.35,6.65,
1179037F2025,レスリン錠５０,トラゾドン塩酸塩,５０ｍｇ１錠,オルガノン,10.40,6.30,2.05,8.35,
1179038C1027,リスパダール細粒１％,リスペリドン,１％１ｇ,ヤンセンファーマ,62.50,50.40,6.05,56.45,
1179038F2020,リスパダール錠２ｍｇ,リスペリドン,２ｍｇ１錠,ヤンセンファーマ,16.00,10.80,2.60,13.40,
1179038F3026,リスパダール錠３ｍｇ,リスペリドン,３ｍｇ１錠,ヤンセンファーマ,19.30,15.10,2.10,17.20,
1179038F6025,リスパダールＯＤ錠２ｍｇ,リスペリドン,２ｍｇ１錠,ヤンセンファーマ,16.00,10.80,2.60,13.40,
1179039F1028,デプロメール錠２５,フルボキサミンマレイン酸塩,２５ｍｇ１錠,Ｍｅｉｊｉ　Ｓｅｉｋａ　ファルマ,15.40,10.80,2.30,13.10,
1179039F1036,ルボックス錠２５,フルボキサミンマレイン酸塩,２５ｍｇ１錠,アッヴィ,11.40,10.80,0.30,11.10,
1179039F2024,デプロメール錠５０,フルボキサミンマレイン酸塩,５０ｍｇ１錠,Ｍｅｉｊｉ　Ｓｅｉｋａ　ファルマ,22.70,12.30,5.20,17.50,
1179039F2032,ルボックス錠５０,フルボキサミンマレイン酸塩,５０ｍｇ１錠,アッヴィ,17.10,12.30,2.40,14.70,
1179039F3020,デプロメール錠７５,フルボキサミンマレイン酸塩,７５ｍｇ１錠,Ｍｅｉｊｉ　Ｓｅｉｋａ　ファルマ,32.80,17.50,7.65,25.15,
1179039F3039,ルボックス錠７５,フルボキサミンマレイン酸塩,７５ｍｇ１錠,アッヴィ,18.50,17.50,0.50,18.00,
1179040F1136,トレドミン錠１５ｍｇ,ミルナシプラン塩酸塩,１５ｍｇ１錠,旭化成ファーマ,7.40,7.00,0.20,7.20,
1179040F2132,トレドミン錠２５ｍｇ,ミルナシプラン塩酸塩,２５ｍｇ１錠,旭化成ファーマ,10.10,8.90,0.60,9.50,
1179040F4020,トレドミン錠５０ｍｇ,ミルナシプラン塩酸塩,５０ｍｇ１錠,旭化成ファーマ,17.30,15.50,0.90,16.40,
1179042C1023,セロクエル細粒５０％,クエチアピンフマル酸塩,５０％１ｇ,ＬＴＬファーマ,185.40,123.10,31.15,154.25,
1179042F1020,セロクエル２５ｍｇ錠,クエチアピンフマル酸塩,２５ｍｇ１錠,ＬＴＬファーマ,13.70,10.80,1.45,12.25,
1179042F2026,セロクエル１００ｍｇ錠,クエチアピンフマル酸塩,１００ｍｇ１錠,ＬＴＬファーマ,26.20,19.80,3.20,23.00,
1179042F3022,セロクエル２００ｍｇ錠,クエチアピンフマル酸塩,２００ｍｇ１錠,ＬＴＬファーマ,48.10,37.00,5.55,42.55,
1179043F1032,ルーラン錠４ｍｇ,ペロスピロン塩酸塩水和物,４ｍｇ１錠,住友ファーマ,8.30,6.30,1.00,7.30,
1179043F2039,ルーラン錠８ｍｇ,ペロスピロン塩酸塩水和物,８ｍｇ１錠,住友ファーマ,16.50,9.20,3.65,12.85,
1179043F3027,ルーラン錠１６ｍｇ,ペロスピロン塩酸塩水和物,１６ｍｇ１錠,住友ファーマ,28.80,14.40,7.20,21.60,
1179044C1022,ジプレキサ細粒１％,オランザピン,１％１ｇ,チェプラファーム,118.40,60.30,29.05,89.35,
1179044F1029,ジプレキサ錠２．５ｍｇ,オランザピン,２．５ｍｇ１錠,チェプラファーム,27.90,12.80,7.55,20.35,
1179044F2025,ジプレキサ錠５ｍｇ,オランザピン,５ｍｇ１錠,チェプラファーム,52.10,16.00,18.05,34.05,
1179044F3021,ジプレキサ錠１０ｍｇ,オランザピン,１０ｍｇ１錠,チェプラファーム,104.50,47.00,28.75,75.75,
1179044F4028,ジプレキサザイディス錠５ｍｇ,オランザピン,５ｍｇ１錠,チェプラファーム,52.10,16.00,18.05,34.05,
1179044F5024,ジプレキサザイディス錠１０ｍｇ,オランザピン,１０ｍｇ１錠,チェプラファーム,104.50,27.10,38.70,65.80,
1179044F6020,ジプレキサザイディス錠２．５ｍｇ,オランザピン,２．５ｍｇ１錠,チェプラファーム,27.90,12.80,7.55,20.35,
1179045B1021,エビリファイ散１％,アリピプラゾール,１％１ｇ,大塚製薬,46.40,23.60,11.40,35.00,
1179045F1023,エビリファイ錠３ｍｇ,アリピプラゾール,３ｍｇ１錠,大塚製薬,16.30,9.70,3.30,13.00,
1179045F2020,エビリファイ錠６ｍｇ,アリピプラゾール,６ｍｇ１錠,大塚製薬,32.00,14.40,8.80,23.20,
1179045F3026,エビリファイ錠１２ｍｇ,アリピプラゾール,１２ｍｇ１錠,大塚製薬,60.10,26.60,16.75,43.35,
1179045F4022,エビリファイＯＤ錠３ｍｇ,アリピプラゾール,３ｍｇ１錠,大塚製薬,16.30,9.70,3.30,13.00,
1179045F5029,エビリファイＯＤ錠６ｍｇ,アリピプラゾール,６ｍｇ１錠,大塚製薬,32.00,21.50,5.25,26.75,
1179045F6025,エビリファイＯＤ錠１２ｍｇ,アリピプラゾール,１２ｍｇ１錠,大塚製薬,60.10,43.20,8.45,51.65,
1179045F7021,エビリファイＯＤ錠２４ｍｇ,アリピプラゾール,２４ｍｇ１錠,大塚製薬,115.70,63.50,26.10,89.60,
1179045F8028,エビリファイ錠１ｍｇ,アリピプラゾール,１ｍｇ１錠,大塚製薬,9.50,6.30,1.60,7.90,
1179046F1028,ジェイゾロフト錠２５ｍｇ,セルトラリン塩酸塩,２５ｍｇ１錠,ヴィアトリス製薬,23.80,9.50,7.15,16.65,
1179046F2024,ジェイゾロフト錠５０ｍｇ,セルトラリン塩酸塩,５０ｍｇ１錠,ヴィアトリス製薬,42.30,23.60,9.35,32.95,
1179046F3020,ジェイゾロフト錠１００ｍｇ,セルトラリン塩酸塩,１００ｍｇ１錠,ヴィアトリス製薬,67.40,37.60,14.90,52.50,
1179046F4027,ジェイゾロフトＯＤ錠２５ｍｇ,セルトラリン塩酸塩,２５ｍｇ１錠,ヴィアトリス製薬,23.80,9.50,7.15,16.65,
1179046F5023,ジェイゾロフトＯＤ錠５０ｍｇ,セルトラリン塩酸塩,５０ｍｇ１錠,ヴィアトリス製薬,42.30,23.60,9.35,32.95,
1179046F6020,ジェイゾロフトＯＤ錠１００ｍｇ,セルトラリン塩酸塩,１００ｍｇ１錠,ヴィアトリス製薬,67.40,37.60,14.90,52.50,
1179048B1025,ロナセン散２％,ブロナンセリン,２％１ｇ,住友ファーマ,226.10,120.30,52.90,173.20,
1179048F1027,ロナセン錠２ｍｇ,ブロナンセリン,２ｍｇ１錠,住友ファーマ,19.50,11.30,4.10,15.40,
1179048F2023,ロナセン錠４ｍｇ,ブロナンセリン,４ｍｇ１錠,住友ファーマ,37.80,15.10,11.35,26.45,
1179048F3020,ロナセン錠８ｍｇ,ブロナンセリン,８ｍｇ１錠,住友ファーマ,65.90,26.10,19.90,46.00,
1179050M1023,ストラテラカプセル５ｍｇ,アトモキセチン塩酸塩,５ｍｇ１カプセル,日本イーライリリー,61.70,38.30,11.70,50.00,
1179050M2020,ストラテラカプセル１０ｍｇ,アトモキセチン塩酸塩,１０ｍｇ１カプセル,日本イーライリリー,93.00,43.50,24.75,68.25,
1179050M3026,ストラテラカプセル２５ｍｇ,アトモキセチン塩酸塩,２５ｍｇ１カプセル,日本イーライリリー,125.10,53.60,35.75,89.35,
1179050M4022,ストラテラカプセル４０ｍｇ,アトモキセチン塩酸塩,４０ｍｇ１カプセル,日本イーライリリー,140.30,55.10,42.60,97.70,
1179050S1022,ストラテラ内用液０．４％,アトモキセチン塩酸塩,０．４％１ｍＬ,日本イーライリリー,46.60,37.20,4.70,41.90,
1179051F1029,リフレックス錠１５ｍｇ,ミルタザピン,１５ｍｇ１錠,Ｍｅｉｊｉ　Ｓｅｉｋａ　ファルマ,33.40,23.90,4.75,28.65,
1179051F1037,レメロン錠１５ｍｇ,ミルタザピン,１５ｍｇ１錠,オルガノン,33.40,23.90,4.75,28.65,
1179051F2025,リフレックス錠３０ｍｇ,ミルタザピン,３０ｍｇ１錠,Ｍｅｉｊｉ　Ｓｅｉｋａ　ファルマ,57.30,36.10,10.60,46.70,
1179051F2033,レメロン錠３０ｍｇ,ミルタザピン,３０ｍｇ１錠,オルガノン,57.30,36.10,10.60,46.70,
1179052M1022,サインバルタカプセル２０ｍｇ,デュロキセチン塩酸塩,２０ｍｇ１カプセル,塩野義製薬,62.30,25.70,18.30,44.00,
1179052M2029,サインバルタカプセル３０ｍｇ,デュロキセチン塩酸塩,３０ｍｇ１カプセル,塩野義製薬,77.10,30.50,23.30,53.80,
1179054F1022,レクサプロ錠１０ｍｇ,エスシタロプラムシュウ酸塩,１０ｍｇ１錠,持田製薬,78.50,44.10,17.20,61.30,
1179054F2029,レクサプロ錠２０ｍｇ,エスシタロプラムシュウ酸塩,２０ｍｇ１錠,持田製薬,103.20,65.60,18.80,84.40,
1190004C1025,グラマリール細粒１０％,チアプリド塩酸塩,１０％１ｇ,日医工,15.20,10.10,2.55,12.65,
1190004F1021,グラマリール錠２５ｍｇ,チアプリド塩酸塩,２５ｍｇ１錠,日医工,11.50,10.80,0.35,11.15,
1190004F2028,グラマリール錠５０ｍｇ,チアプリド塩酸塩,５０ｍｇ１錠,日医工,14.90,10.80,2.05,12.85,
1190011F1021,リルテック錠５０,リルゾール,５０ｍｇ１錠,サノフィ,886.60,335.50,275.55,611.05,
1190012C1020,アリセプト細粒０．５％,ドネペジル塩酸塩,０．５％１ｇ,エーザイ,64.20,35.90,14.15,50.05,
1190012F1026,アリセプト錠３ｍｇ,ドネペジル塩酸塩,３ｍｇ１錠,エーザイ,36.70,25.20,5.75,30.95,
1190012F2022,アリセプト錠５ｍｇ,ドネペジル塩酸塩,５ｍｇ１錠,エーザイ,53.10,37.80,7.65,45.45,
1190012F3029,アリセプトＤ錠３ｍｇ,ドネペジル塩酸塩,３ｍｇ１錠,エーザイ,36.70,25.20,5.75,30.95,
1190012F4025,アリセプトＤ錠５ｍｇ,ドネペジル塩酸塩,５ｍｇ１錠,エーザイ,53.10,37.80,7.65,45.45,
1190012F5021,アリセプト錠１０ｍｇ,ドネペジル塩酸塩,１０ｍｇ１錠,エーザイ,89.10,63.00,13.05,76.05,
1190012F6028,アリセプトＤ錠１０ｍｇ,ドネペジル塩酸塩,１０ｍｇ１錠,エーザイ,89.10,63.00,13.05,76.05,
1190012Q1027,アリセプト内服ゼリー３ｍｇ,ドネペジル塩酸塩,３ｍｇ１個,エーザイ,80.70,61.10,9.80,70.90,
1190014F1033,セレジスト錠５ｍｇ,タルチレリン水和物,５ｍｇ１錠,田辺ファーマ,574.30,176.20,199.05,375.25,
1190014F2021,セレジストＯＤ錠５ｍｇ,タルチレリン水和物,５ｍｇ１錠,田辺ファーマ,574.30,176.20,199.05,375.25,
1190015F1020,レミッチＯＤ錠２．５μｇ,ナルフラフィン塩酸塩,２．５μｇ１錠,東レ,394.10,204.40,94.85,299.25,
1190016F1024,ロゼレム錠８ｍｇ,ラメルテオン,８ｍｇ１錠,武田薬品工業,36.80,20.90,7.95,28.85,
1190017F1029,リリカＯＤ錠２５ｍｇ,プレガバリン,２５ｍｇ１錠,ヴィアトリス製薬,23.70,10.20,6.75,16.95,
1190017F2025,リリカＯＤ錠７５ｍｇ,プレガバリン,７５ｍｇ１錠,ヴィアトリス製薬,38.40,16.10,11.15,27.25,
1190017F3021,リリカＯＤ錠１５０ｍｇ,プレガバリン,１５０ｍｇ１錠,ヴィアトリス製薬,53.20,29.20,12.00,41.20,
1190017M1028,リリカカプセル２５ｍｇ,プレガバリン,２５ｍｇ１カプセル,ヴィアトリス製薬,23.70,10.20,6.75,16.95,
1190017M2024,リリカカプセル７５ｍｇ,プレガバリン,７５ｍｇ１カプセル,ヴィアトリス製薬,38.40,16.10,11.15,27.25,
1190017M3020,リリカカプセル１５０ｍｇ,プレガバリン,１５０ｍｇ１カプセル,ヴィアトリス製薬,53.20,22.10,15.55,37.65,
1190018F1023,メマリー錠５ｍｇ,メマンチン塩酸塩,５ｍｇ１錠,第一三共,36.70,19.60,8.55,28.15,
1190018F2020,メマリー錠１０ｍｇ,メマンチン塩酸塩,１０ｍｇ１錠,第一三共,62.10,33.70,14.20,47.90,
1190018F3026,メマリー錠２０ｍｇ,メマンチン塩酸塩,２０ｍｇ１錠,第一三共,112.70,61.60,25.55,87.15,
1190018F4022,メマリーＯＤ錠５ｍｇ,メマンチン塩酸塩,５ｍｇ１錠,第一三共,36.70,19.60,8.55,28.15,
1190018F5029,メマリーＯＤ錠１０ｍｇ,メマンチン塩酸塩,１０ｍｇ１錠,第一三共,62.10,33.70,14.20,47.90,
1190018F6025,メマリーＯＤ錠２０ｍｇ,メマンチン塩酸塩,２０ｍｇ１錠,第一三共,112.70,61.60,25.55,87.15,
1190018R1020,メマリードライシロップ２％,メマンチン塩酸塩,２％１ｇ,第一三共,168.00,93.20,37.40,130.60,
1190019F4027,レミニールＯＤ錠４ｍｇ,ガランタミン臭化水素酸塩,４ｍｇ１錠,太陽ファルマ,40.70,21.10,9.80,30.90,
1190019F5023,レミニールＯＤ錠８ｍｇ,ガランタミン臭化水素酸塩,８ｍｇ１錠,太陽ファルマ,61.30,26.00,17.65,43.65,
1190019F6020,レミニールＯＤ錠１２ｍｇ,ガランタミン臭化水素酸塩,１２ｍｇ１錠,太陽ファルマ,74.00,38.30,17.85,56.15,
1231013M2179,チアトンカプセル１０ｍｇ,チキジウム臭化物,１０ｍｇ１カプセル,ヴィアトリス製薬,7.80,7.60,0.10,7.70,
1249009F1090,ミオナール錠５０ｍｇ,エペリゾン塩酸塩,５０ｍｇ１錠,エーザイ,7.70,6.30,0.70,7.00,
2119003F2332,ノイキノン錠１０ｍｇ,ユビデカレノン,１０ｍｇ１錠,エーザイ,7.20,6.30,0.45,6.75,
2119003F2340,ノイキノン糖衣錠１０ｍｇ,ユビデカレノン,１０ｍｇ１錠,エーザイ,7.20,6.30,0.45,6.75,
2119004F1020,カルグート錠５,デノパミン,５ｍｇ１錠,田辺ファーマ,15.80,10.50,2.65,13.15,
2119004F2027,カルグート錠１０,デノパミン,１０ｍｇ１錠,田辺ファーマ,26.00,17.30,4.35,21.65,
2123005F1141,ミケラン錠５ｍｇ,カルテオロール塩酸塩,５ｍｇ１錠,大塚製薬,8.00,6.30,0.85,7.15,
2123011F1155,テノーミン錠２５,アテノロール,２５ｍｇ１錠,太陽ファルマ,7.50,6.30,0.60,6.90,
2123011F2437,テノーミン錠５０,アテノロール,５０ｍｇ１錠,太陽ファルマ,7.90,6.30,0.80,7.10,
2123014F2201,アロチノロール塩酸塩錠１０ｍｇ「ＤＳＰ」,アロチノロール塩酸塩,１０ｍｇ１錠,住友ファーマ,10.50,7.00,1.75,8.75,
2123016F1107,メインテート錠２．５ｍｇ,ビソプロロールフマル酸塩,２．５ｍｇ１錠,田辺ファーマ,12.20,10.80,0.70,11.50,
2123016F2189,メインテート錠５ｍｇ,ビソプロロールフマル酸塩,５ｍｇ１錠,田辺ファーマ,14.80,10.80,2.00,12.80,
2129003M1021,メキシチールカプセル５０ｍｇ,メキシレチン塩酸塩,５０ｍｇ１カプセル,太陽ファルマ,8.20,7.90,0.15,8.05,
2129003M2028,メキシチールカプセル１００ｍｇ,メキシレチン塩酸塩,１００ｍｇ１カプセル,太陽ファルマ,12.30,10.60,0.85,11.45,
2129004M1026,アスペノンカプセル１０,アプリンジン塩酸塩,１０ｍｇ１カプセル,バイエル薬品,15.70,11.10,2.30,13.40,
2129004M2022,アスペノンカプセル２０,アプリンジン塩酸塩,２０ｍｇ１カプセル,バイエル薬品,23.60,17.00,3.30,20.30,
2129005F1129,リスモダンＲ錠１５０ｍｇ,リン酸ジソピラミド,１５０ｍｇ１錠,チェプラファーム,20.20,13.60,3.30,16.90,
2129006F1026,プロノン錠１５０ｍｇ,プロパフェノン塩酸塩,１５０ｍｇ１錠,トーアエイヨー,19.20,12.80,3.20,16.00,
2129006F2022,プロノン錠１００ｍｇ,プロパフェノン塩酸塩,１００ｍｇ１錠,トーアエイヨー,19.50,16.50,1.50,18.00,
2129007F1020,シベノール錠５０ｍｇ,シベンゾリンコハク酸塩,５０ｍｇ１錠,トーアエイヨー,15.10,10.80,2.15,12.95,
2129007F2027,シベノール錠１００ｍｇ,シベンゾリンコハク酸塩,１００ｍｇ１錠,トーアエイヨー,21.30,14.20,3.55,17.75,
2129008M1024,サンリズムカプセル２５ｍｇ,ピルシカイニド塩酸塩水和物,２５ｍｇ１カプセル,第一三共,16.20,10.80,2.70,13.50,
2129008M2020,サンリズムカプセル５０ｍｇ,ピルシカイニド塩酸塩水和物,５０ｍｇ１カプセル,第一三共,26.90,17.90,4.50,22.40,
2129009F1020,タンボコール錠５０ｍｇ,フレカイニド酢酸塩,５０ｍｇ１錠,エーザイ,30.80,12.30,9.25,21.55,
2129009F2026,タンボコール錠１００ｍｇ,フレカイニド酢酸塩,１００ｍｇ１錠,エーザイ,50.50,20.20,15.15,35.35,
2129011F1035,ベプリコール錠５０ｍｇ,ベプリジル塩酸塩水和物,５０ｍｇ１錠,オルガノン,28.70,17.10,5.80,22.90,
2129011F2031,ベプリコール錠１００ｍｇ,ベプリジル塩酸塩水和物,１００ｍｇ１錠,オルガノン,53.00,33.70,9.65,43.35,
2133001F1522,アルダクトンＡ錠２５ｍｇ,スピロノラクトン,２５ｍｇ１錠,ファイザー,11.50,10.80,0.35,11.15,
2139005F1052,ラシックス錠２０ｍｇ,フロセミド,２０ｍｇ１錠,サノフィ,10.50,6.50,2.00,8.50,
2139005F2342,ラシックス錠４０ｍｇ,フロセミド,４０ｍｇ１錠,サノフィ,10.80,6.80,2.00,8.80,
2139005F3039,ラシックス錠１０ｍｇ,フロセミド,１０ｍｇ１錠,サノフィ,9.90,6.50,1.70,8.20,
2139008F1056,ダイアート錠６０ｍｇ,アゾセミド,６０ｍｇ１錠,三和化学研究所,14.10,10.80,1.65,12.45,
2139009F1026,ルプラック錠４ｍｇ,トラセミド,４ｍｇ１錠,田辺ファーマ,12.30,6.30,3.00,9.30,
2139009F2022,ルプラック錠８ｍｇ,トラセミド,８ｍｇ１錠,田辺ファーマ,15.80,6.30,4.75,11.05,
2139011D1022,サムスカ顆粒１％,トルバプタン,１％１ｇ,大塚製薬,1152.80,532.90,309.95,842.85,
2139011F3026,サムスカＯＤ錠７．５ｍｇ,トルバプタン,７．５ｍｇ１錠,大塚製薬,715.50,292.00,211.75,503.75,
2139011F4022,サムスカＯＤ錠１５ｍｇ,トルバプタン,１５ｍｇ１錠,大塚製薬,1056.20,510.30,272.95,783.25,
2144003F2025,セタプリル錠２５ｍｇ,アラセプリル,２５ｍｇ１錠,住友ファーマ,13.30,10.80,1.25,12.05,
2144006F1030,ロンゲス錠５ｍｇ,リシノプリル水和物,５ｍｇ１錠,共和薬品工業,12.00,10.80,0.60,11.40,
2144006F2037,ロンゲス錠１０ｍｇ,リシノプリル水和物,１０ｍｇ１錠,共和薬品工業,16.10,10.80,2.65,13.45,
2144006F3033,ロンゲス錠２０ｍｇ,リシノプリル水和物,２０ｍｇ１錠,共和薬品工業,15.50,11.20,2.15,13.35,
2144008F1021,タナトリル錠２．５,イミダプリル塩酸塩,２．５ｍｇ１錠,田辺ファーマ,15.80,10.80,2.50,13.30,
2144008F2028,タナトリル錠５,イミダプリル塩酸塩,５ｍｇ１錠,田辺ファーマ,20.70,13.80,3.45,17.25,
2144008F3024,タナトリル錠１０,イミダプリル塩酸塩,１０ｍｇ１錠,田辺ファーマ,41.20,27.50,6.85,34.35,
2144009F1026,エースコール錠１ｍｇ,テモカプリル塩酸塩,１ｍｇ１錠,アルフレッサファーマ,12.60,10.80,0.90,11.70,
2144009F2022,エースコール錠２ｍｇ,テモカプリル塩酸塩,２ｍｇ１錠,アルフレッサファーマ,24.30,16.20,4.05,20.25,
2144009F3029,エースコール錠４ｍｇ,テモカプリル塩酸塩,４ｍｇ１錠,アルフレッサファーマ,48.50,32.30,8.10,40.40,
2149022F2024,ニバジール錠４ｍｇ,ニルバジピン,４ｍｇ１錠,ＬＴＬファーマ,14.30,10.80,1.75,12.55,
2149026F2022,カルデナリン錠１ｍｇ,ドキサゾシンメシル酸塩,１ｍｇ１錠,ヴィアトリス製薬,13.30,10.80,1.25,12.05,
2149026F3029,カルデナリン錠２ｍｇ,ドキサゾシンメシル酸塩,２ｍｇ１錠,ヴィアトリス製薬,16.00,10.80,2.60,13.40,
2149026F4025,カルデナリン錠４ｍｇ,ドキサゾシンメシル酸塩,４ｍｇ１錠,ヴィアトリス製薬,20.40,15.00,2.70,17.70,
2149027F1020,カルスロット錠５,マニジピン塩酸塩,５ｍｇ１錠,Ｔ’ｓ製薬,11.60,10.80,0.40,11.20,
2149027F2027,カルスロット錠１０,マニジピン塩酸塩,１０ｍｇ１錠,Ｔ’ｓ製薬,14.70,10.80,1.95,12.75,
2149027F3023,カルスロット錠２０,マニジピン塩酸塩,２０ｍｇ１錠,Ｔ’ｓ製薬,18.30,12.10,3.10,15.20,
2149029F1020,セレクトール錠１００ｍｇ,セリプロロール塩酸塩,１００ｍｇ１錠,日本新薬,11.10,7.40,1.85,9.25,
2149029F2026,セレクトール錠２００ｍｇ,セリプロロール塩酸塩,２００ｍｇ１錠,日本新薬,22.20,14.80,3.70,18.50,
2149031F1027,ケルロング錠５ｍｇ,ベタキソロール塩酸塩,５ｍｇ１錠,チェプラファーム,23.00,11.00,6.00,17.00,
2149031F2023,ケルロング錠１０ｍｇ,ベタキソロール塩酸塩,１０ｍｇ１錠,チェプラファーム,39.80,23.90,7.95,31.85,
2149032F1021,アーチスト錠１０ｍｇ,カルベジロール,１０ｍｇ１錠,第一三共,13.20,10.80,1.20,12.00,
2149032F2028,アーチスト錠２０ｍｇ,カルベジロール,２０ｍｇ１錠,第一三共,23.60,15.50,4.05,19.55,
2149035F2021,スプレンジール錠５ｍｇ,フェロジピン,５ｍｇ１錠,アストラゼネカ,16.20,10.80,2.70,13.50,
2149037F1032,アテレック錠５,シルニジピン,５ｍｇ１錠,ＥＡファーマ,11.40,10.80,0.30,11.10,
2149037F2039,アテレック錠１０,シルニジピン,１０ｍｇ１錠,ＥＡファーマ,18.30,12.20,3.05,15.25,
2149037F3027,アテレック錠２０,シルニジピン,２０ｍｇ１錠,ＥＡファーマ,26.60,18.90,3.85,22.75,
2149039F1031,ニューロタン錠２５ｍｇ,ロサルタンカリウム,２５ｍｇ１錠,オルガノン,18.20,10.80,3.70,14.50,
2149039F2038,ニューロタン錠５０ｍｇ,ロサルタンカリウム,５０ｍｇ１錠,オルガノン,33.40,18.10,7.65,25.75,
2149040F1026,ブロプレス錠２,カンデサルタンシレキセチル,２ｍｇ１錠,Ｔ’ｓ製薬,14.70,10.80,1.95,12.75,
2149040F2022,ブロプレス錠４,カンデサルタンシレキセチル,４ｍｇ１錠,Ｔ’ｓ製薬,18.10,13.70,2.20,15.90,
2149040F3029,ブロプレス錠８,カンデサルタンシレキセチル,８ｍｇ１錠,Ｔ’ｓ製薬,27.00,25.60,0.70,26.30,
2149040F4025,ブロプレス錠１２,カンデサルタンシレキセチル,１２ｍｇ１錠,Ｔ’ｓ製薬,31.90,28.40,1.75,30.15,
2149041F2027,ディオバン錠４０ｍｇ,バルサルタン,４０ｍｇ１錠,ノバルティス　ファーマ,13.70,10.80,1.45,12.25,
2149041F3023,ディオバン錠８０ｍｇ,バルサルタン,８０ｍｇ１錠,ノバルティス　ファーマ,18.30,12.20,3.05,15.25,
2149041F4020,ディオバン錠１６０ｍｇ,バルサルタン,１６０ｍｇ１錠,ノバルティス　ファーマ,25.80,17.30,4.25,21.55,
2149041F6022,ディオバンＯＤ錠４０ｍｇ,バルサルタン,４０ｍｇ１錠,ノバルティス　ファーマ,13.70,10.80,1.45,12.25,
2149041F7029,ディオバンＯＤ錠８０ｍｇ,バルサルタン,８０ｍｇ１錠,ノバルティス　ファーマ,18.30,12.20,3.05,15.25,
2149041F8025,ディオバンＯＤ錠１６０ｍｇ,バルサルタン,１６０ｍｇ１錠,ノバルティス　ファーマ,25.80,17.30,4.25,21.55,
2149042F1025,ミカルディス錠２０ｍｇ,テルミサルタン,２０ｍｇ１錠,日本ベーリンガーインゲルハイム,15.80,10.80,2.50,13.30,
2149042F2021,ミカルディス錠４０ｍｇ,テルミサルタン,４０ｍｇ１錠,日本ベーリンガーインゲルハイム,24.80,16.00,4.40,20.40,
2149042F3028,ミカルディス錠８０ｍｇ,テルミサルタン,８０ｍｇ１錠,日本ベーリンガーインゲルハイム,31.30,23.50,3.90,27.40,
2149043F2026,カルブロック錠１６ｍｇ,アゼルニジピン,１６ｍｇ１錠,第一三共,21.80,11.90,4.95,16.85,
2149044F5020,オルメテックＯＤ錠１０ｍｇ,オルメサルタンメドキソミル,１０ｍｇ１錠,第一三共,13.60,10.80,1.40,12.20,
2149044F6026,オルメテックＯＤ錠２０ｍｇ,オルメサルタンメドキソミル,２０ｍｇ１錠,第一三共,23.90,16.60,3.65,20.25,
2149044F7022,オルメテックＯＤ錠４０ｍｇ,オルメサルタンメドキソミル,４０ｍｇ１錠,第一三共,32.10,23.10,4.50,27.60,
2149045F1029,セララ錠２５ｍｇ,エプレレノン,２５ｍｇ１錠,ヴィアトリス製薬,17.90,10.80,3.55,14.35,
2149045F2025,セララ錠５０ｍｇ,エプレレノン,５０ｍｇ１錠,ヴィアトリス製薬,35.80,18.40,8.70,27.10,
2149045F3021,セララ錠１００ｍｇ,エプレレノン,１００ｍｇ１錠,ヴィアトリス製薬,60.90,35.00,12.95,47.95,
2149046F1023,アバプロ錠５０ｍｇ,イルベサルタン,５０ｍｇ１錠,住友ファーマ,18.70,10.80,3.95,14.75,
2149046F1031,イルベタン錠５０ｍｇ,イルベサルタン,５０ｍｇ１錠,シオノギファーマ,17.40,10.80,3.30,14.10,
2149046F2020,アバプロ錠１００ｍｇ,イルベサルタン,１００ｍｇ１錠,住友ファーマ,29.50,15.90,6.80,22.70,
2149046F2038,イルベタン錠１００ｍｇ,イルベサルタン,１００ｍｇ１錠,シオノギファーマ,29.50,15.90,6.80,22.70,
2149046F3026,アバプロ錠２００ｍｇ,イルベサルタン,２００ｍｇ１錠,住友ファーマ,42.80,22.90,9.95,32.85,
2149046F3034,イルベタン錠２００ｍｇ,イルベサルタン,２００ｍｇ１錠,シオノギファーマ,40.30,22.90,8.70,31.60,
2149048F1022,アジルバ錠２０ｍｇ,アジルサルタン,２０ｍｇ１錠,武田薬品工業,67.20,25.80,20.70,46.50,
2149048F2029,アジルバ錠４０ｍｇ,アジルサルタン,４０ｍｇ１錠,武田薬品工業,96.50,38.30,29.10,67.40,
2149048F3025,アジルバ錠１０ｍｇ,アジルサルタン,１０ｍｇ１錠,武田薬品工業,42.20,17.10,12.55,29.65,
2149110F1040,プレミネント配合錠ＬＤ,ロサルタンカリウム・ヒドロクロロチアジド,１錠,オルガノン,36.60,22.20,7.20,29.40,
2149110F2020,プレミネント配合錠ＨＤ,ロサルタンカリウム・ヒドロクロロチアジド,１錠,オルガノン,50.90,45.00,2.95,47.95,
2149111F1028,エカード配合錠ＬＤ,カンデサルタンシレキセチル・ヒドロクロロチアジド,１錠,Ｔ’ｓ製薬,19.60,11.50,4.05,15.55,
2149111F2024,エカード配合錠ＨＤ,カンデサルタンシレキセチル・ヒドロクロロチアジド,１錠,Ｔ’ｓ製薬,28.60,21.50,3.55,25.05,
2149112F1022,コディオ配合錠ＭＤ,バルサルタン・ヒドロクロロチアジド,１錠,ノバルティス　ファーマ,21.50,17.80,1.85,19.65,
2149113F1027,ミコンビ配合錠ＡＰ,テルミサルタン・ヒドロクロロチアジド,１錠,日本ベーリンガーインゲルハイム,28.00,19.80,4.10,23.90,
2149113F2023,ミコンビ配合錠ＢＰ,テルミサルタン・ヒドロクロロチアジド,１錠,日本ベーリンガーインゲルハイム,38.50,27.60,5.45,33.05,
2149114F1021,エックスフォージ配合錠,バルサルタン・アムロジピンベシル酸塩,１錠,ノバルティス　ファーマ,20.30,14.00,3.15,17.15,
2149114F2028,エックスフォージ配合ＯＤ錠,バルサルタン・アムロジピンベシル酸塩,１錠,ノバルティス　ファーマ,20.30,14.00,3.15,17.15,
2149116F1020,ユニシア配合錠ＬＤ,カンデサルタンシレキセチル・アムロジピンベシル酸塩,１錠,Ｔ’ｓ製薬,28.60,19.00,4.80,23.80,
2149116F2027,ユニシア配合錠ＨＤ,カンデサルタンシレキセチル・アムロジピンベシル酸塩,１錠,Ｔ’ｓ製薬,28.60,19.00,4.80,23.80,
2149117F1025,ミカムロ配合錠ＡＰ,テルミサルタン・アムロジピンベシル酸塩,１錠,日本ベーリンガーインゲルハイム,26.40,19.50,3.45,22.95,
2149117F2021,ミカムロ配合錠ＢＰ,テルミサルタン・アムロジピンベシル酸塩,１錠,日本ベーリンガーインゲルハイム,35.00,28.30,3.35,31.65,
2149118F1020,アイミクス配合錠ＬＤ,イルベサルタン・アムロジピンベシル酸塩,１錠,住友ファーマ,30.30,15.60,7.35,22.95,
2149118F2026,アイミクス配合錠ＨＤ,イルベサルタン・アムロジピンベシル酸塩,１錠,住友ファーマ,32.20,17.90,7.15,25.05,
2149121F1021,ザクラス配合錠ＬＤ,アジルサルタン・アムロジピンベシル酸塩,１錠,武田薬品工業,59.80,23.90,17.95,41.85,
2149121F2028,ザクラス配合錠ＨＤ,アジルサルタン・アムロジピンベシル酸塩,１錠,武田薬品工業,62.00,24.80,18.60,43.40,
2160002F1028,メトリジン錠２ｍｇ,ミドドリン塩酸塩,２ｍｇ１錠,大正製薬,10.90,7.40,1.75,9.15,
2160003F1022,イミグラン錠５０,スマトリプタンコハク酸塩,５０ｍｇ１錠,グラクソ・スミスクライン,211.80,119.60,46.10,165.70,
2160004F2023,ゾーミッグＲＭ錠２．５ｍｇ,ゾルミトリプタン,２．５ｍｇ１錠,沢井製薬,266.40,146.90,59.75,206.65,
2160005F1021,レルパックス錠２０ｍｇ,エレトリプタン臭化水素酸塩,２０ｍｇ１錠,ヴィアトリス製薬,261.70,146.90,57.40,204.30,
2160006F2022,マクサルトＲＰＤ錠１０ｍｇ,リザトリプタン安息香酸塩,１０ｍｇ１錠,オルガノン,177.60,116.60,30.50,147.10,
2160007F1020,アマージ錠２．５ｍｇ,ナラトリプタン塩酸塩,２．５ｍｇ１錠,グラクソ・スミスクライン,202.70,153.30,24.70,178.00,
2171005F2021,コメリアンコーワ錠１００,ジラゼプ塩酸塩水和物,１００ｍｇ１錠,興和,8.10,6.30,0.90,7.20,
2171006F2026,ヘルベッサー錠６０,ジルチアゼム塩酸塩,６０ｍｇ１錠,田辺ファーマ,7.90,7.30,0.30,7.60,
2171006N1105,ヘルベッサーＲカプセル１００ｍｇ,ジルチアゼム塩酸塩,１００ｍｇ１カプセル,田辺ファーマ,14.10,11.30,1.40,12.70,
2171008F1070,ワソラン錠４０ｍｇ,ベラパミル塩酸塩,４０ｍｇ１錠,エーザイ,7.70,6.80,0.45,7.25,
2171011N1050,ニトロールＲカプセル２０ｍｇ,硝酸イソソルビド,２０ｍｇ１カプセル,エーザイ,7.40,6.30,0.55,6.85,
2171012F1181,ロコルナール錠５０ｍｇ,トラピジル,５０ｍｇ１錠,持田製薬,7.00,6.30,0.35,6.65,
2171012F2315,ロコルナール錠１００ｍｇ,トラピジル,１００ｍｇ１錠,持田製薬,7.50,6.30,0.60,6.90,
2171021F2020,コニール錠４,ベニジピン塩酸塩,４ｍｇ１錠,協和キリン,14.50,10.80,1.85,12.65,
2183006F3023,リピディル錠５３．３ｍｇ,フェノフィブラート,５３．３ｍｇ１錠,あすか製薬,13.20,9.10,2.05,11.15,
2183006F3031,トライコア錠５３．３ｍｇ,フェノフィブラート,５３．３ｍｇ１錠,ヴィアトリス製薬,13.60,9.10,2.25,11.35,
2183006F4020,リピディル錠８０ｍｇ,フェノフィブラート,８０ｍｇ１錠,あすか製薬,16.20,10.80,2.70,13.50,
2183006F4038,トライコア錠８０ｍｇ,フェノフィブラート,８０ｍｇ１錠,ヴィアトリス製薬,16.20,10.80,2.70,13.50,
2189012F1020,ローコール錠１０ｍｇ,フルバスタチンナトリウム,１０ｍｇ１錠,サンファーマ,18.70,9.80,4.45,14.25,
2189012F2026,ローコール錠２０ｍｇ,フルバスタチンナトリウム,２０ｍｇ１錠,サンファーマ,34.30,19.90,7.20,27.10,
2189012F3022,ローコール錠３０ｍｇ,フルバスタチンナトリウム,３０ｍｇ１錠,サンファーマ,48.20,24.60,11.80,36.40,
2189015F1023,リピトール錠５ｍｇ,アトルバスタチンカルシウム水和物,５ｍｇ１錠,ヴィアトリス製薬,13.60,10.80,1.40,12.20,
2189015F2020,リピトール錠１０ｍｇ,アトルバスタチンカルシウム水和物,１０ｍｇ１錠,ヴィアトリス製薬,16.90,11.50,2.70,14.20,
2189016F1028,リバロ錠１ｍｇ,ピタバスタチンカルシウム,１ｍｇ１錠,興和,15.80,13.60,1.10,14.70,
2189016F2024,リバロ錠２ｍｇ,ピタバスタチンカルシウム,２ｍｇ１錠,興和,26.50,25.40,0.55,25.95,
2189016F4027,リバロＯＤ錠１ｍｇ,ピタバスタチンカルシウム,１ｍｇ１錠,興和,15.80,10.80,2.50,13.30,
2189016F5023,リバロＯＤ錠２ｍｇ,ピタバスタチンカルシウム,２ｍｇ１錠,興和,26.50,14.20,6.15,20.35,
2189016F6020,リバロＯＤ錠４ｍｇ,ピタバスタチンカルシウム,４ｍｇ１錠,興和,48.70,22.70,13.00,35.70,
2189017F1022,クレストール錠２．５ｍｇ,ロスバスタチンカルシウム,２．５ｍｇ１錠,アストラゼネカ,15.10,10.80,2.15,12.95,
2189017F2029,クレストール錠５ｍｇ,ロスバスタチンカルシウム,５ｍｇ１錠,アストラゼネカ,23.50,16.90,3.30,20.20,
2189018F1027,ゼチーア錠１０ｍｇ,エゼチミブ,１０ｍｇ１錠,オルガノン,49.50,28.20,10.65,38.85,
2189019M1020,ロトリガ粒状カプセル２ｇ,オメガ－３脂肪酸エチル,２ｇ１包,武田薬品工業,122.50,72.30,25.10,97.40,
2189101F1020,アトーゼット配合錠ＬＤ,エゼチミブ・アトルバスタチンカルシウム水和物,１錠,オルガノン,50.40,50.00,0.20,50.20,
2189101F2026,アトーゼット配合錠ＨＤ,エゼチミブ・アトルバスタチンカルシウム水和物,１錠,オルガノン,53.10,49.00,2.05,51.05,
2189102F1024,ロスーゼット配合錠ＬＤ,エゼチミブ・ロスバスタチンカルシウム,１錠,オルガノン,50.40,31.60,9.40,41.00,
2189102F2020,ロスーゼット配合錠ＨＤ,エゼチミブ・ロスバスタチンカルシウム,１錠,オルガノン,56.00,31.30,12.35,43.65,
2190021F1348,サアミオン錠５ｍｇ,ニセルゴリン,５ｍｇ１錠,田辺ファーマ,12.30,10.80,0.75,11.55,
2190022F1024,リズミック錠１０ｍｇ,アメジニウムメチル硫酸塩,１０ｍｇ１錠,住友ファーマ,9.50,6.30,1.60,7.90,
2190024F1023,カルタン錠５００,沈降炭酸カルシウム,５００ｍｇ１錠,ヴィアトリス製薬,6.80,6.20,0.30,6.50,
2190026F1022,トラクリア錠６２．５ｍｇ,ボセンタン水和物,６２．５ｍｇ１錠,ヤンセンファーマ,2913.10,393.10,1260.00,1653.10,
2190029D1025,ホスレノール顆粒分包２５０ｍｇ,炭酸ランタン水和物,２５０ｍｇ１包,バイエル薬品,53.00,41.00,6.00,47.00,
2190029F3029,ホスレノールＯＤ錠２５０ｍｇ,炭酸ランタン水和物,２５０ｍｇ１錠,バイエル薬品,55.60,32.20,11.70,43.90,
2190029F4025,ホスレノールＯＤ錠５００ｍｇ,炭酸ランタン水和物,５００ｍｇ１錠,バイエル薬品,80.50,47.40,16.55,63.95,
2190030F1029,アドシルカ錠２０ｍｇ,タダラフィル,２０ｍｇ１錠,日本新薬,653.30,489.60,81.85,571.45,
2190101F1020,カデュエット配合錠１番,アムロジピンベシル酸塩・アトルバスタチンカルシウム水和物,１錠,ヴィアトリス製薬,28.60,21.40,3.60,25.00,
2190102F1025,カデュエット配合錠２番,アムロジピンベシル酸塩・アトルバスタチンカルシウム水和物,１錠,ヴィアトリス製薬,43.70,34.20,4.75,38.95,
2190103F1020,カデュエット配合錠３番,アムロジピンベシル酸塩・アトルバスタチンカルシウム水和物,１錠,ヴィアトリス製薬,34.20,21.70,6.25,27.95,
2190104F1024,カデュエット配合錠４番,アムロジピンベシル酸塩・アトルバスタチンカルシウム水和物,１錠,ヴィアトリス製薬,49.20,34.40,7.40,41.80,
2233002Q1035,ムコダインシロップ５％,Ｌ－カルボシステイン,５％１ｍＬ,杏林製薬,7.10,5.80,0.65,6.45,
2239001F1696,ムコソルバン錠１５ｍｇ,アンブロキソール塩酸塩,１５ｍｇ１錠,帝人ファーマ,6.30,6.10,0.10,6.20,
2239001Q1166,小児用ムコソルバンシロップ０．３％,アンブロキソール塩酸塩,０．３％１ｍＬ,帝人ファーマ,7.10,5.60,0.75,6.35,
2239001R1072,小児用ムコソルバンＤＳ１．５％,アンブロキソール塩酸塩,１．５％１ｇ,帝人ファーマ,31.10,17.60,6.75,24.35,
2251001G1025,ユニコン錠２００,テオフィリン,２００ｍｇ１錠,日医工,12.20,6.30,2.95,9.25,
2251001G2021,ユニコン錠４００,テオフィリン,４００ｍｇ１錠,日医工,12.20,6.30,2.95,9.25,
2251001G3036,ユニコン錠１００,テオフィリン,１００ｍｇ１錠,日医工,9.00,6.30,1.35,7.65,
2259004Q1111,メプチンシロップ５μｇ／ｍＬ,プロカテロール塩酸塩水和物,０．０００５％１ｍＬ,大塚製薬,7.10,4.10,1.50,5.60,
2318001F3023,ガスコン錠８０ｍｇ,ジメチコン,８０ｍｇ１錠,キッセイ薬品工業,6.30,6.10,0.10,6.20,
2318001Q1080,ガスコンドロップ内用液２％,ジメチコン,２％１ｍＬ,キッセイ薬品工業,3.30,3.00,0.15,3.15,
2319001M1213,ロペミンカプセル１ｍｇ,ロペラミド塩酸塩,１ｍｇ１カプセル,帝國製薬,8.00,6.30,0.85,7.15,
2319100F1064,フェロベリン配合錠,ベルベリン塩化物水和物・ゲンノショウコエキス,１錠,日本ジェネリック,8.90,6.30,1.30,7.60,
2325001F1211,タガメット錠２００ｍｇ,シメチジン,２００ｍｇ１錠,住友ファーマ,7.60,6.30,0.65,6.95,
2325003B1022,ガスター散１０％,ファモチジン,１０％１ｇ,ＬＴＬファーマ,37.30,36.80,0.25,37.05,
2325003B2029,ガスター散２％,ファモチジン,２％１ｇ,ＬＴＬファーマ,9.50,9.40,0.05,9.45,
2325004M2067,アルタットカプセル３７．５ｍｇ,ロキサチジン酢酸エステル塩酸塩,３７．５ｍｇ１カプセル,あすか製薬,12.60,10.80,0.90,11.70,
2325006F2032,プロテカジン錠１０,ラフチジン,１０ｍｇ１錠,大鵬薬品工業,11.60,10.80,0.40,11.20,
2329008S1105,アルサルミン内用液１０％,スクラルファート水和物,１０％１ｍＬ,富士化学工業,1.80,1.50,0.15,1.65,
2329009F1110,ドグマチール錠５０ｍｇ,スルピリド,５０ｍｇ１錠,日医工,10.80,6.80,2.00,8.80,
2329009M1380,ドグマチールカプセル５０ｍｇ,スルピリド,５０ｍｇ１カプセル,日医工,10.80,6.80,2.00,8.80,
2329020F1027,ガスロンＮ錠２ｍｇ,イルソグラジンマレイン酸塩,２ｍｇ１錠,日本新薬,10.80,10.60,0.10,10.70,
2329028F2020,パリエット錠２０ｍｇ,ラベプラゾールナトリウム,２０ｍｇ１錠,エーザイ,45.40,40.80,2.30,43.10,
2329029M1027,ネキシウムカプセル１０ｍｇ,エソメプラゾールマグネシウム水和物,１０ｍｇ１カプセル,アストラゼネカ,27.20,19.40,3.90,23.30,
2329029M2023,ネキシウムカプセル２０ｍｇ,エソメプラゾールマグネシウム水和物,２０ｍｇ１カプセル,アストラゼネカ,48.20,33.70,7.25,40.95,
2329122D1414,マーズレンＳ配合顆粒,アズレンスルホン酸ナトリウム水和物・Ｌ－グルタミン,１ｇ,寿製薬,9.40,6.90,1.25,8.15,
2354003F2316,プルゼニド錠１２ｍｇ,センノシド,１２ｍｇ１錠,サンファーマ,6.10,5.50,0.30,5.80,
2359005S1240,ラキソベロン内用液０．７５％,ピコスルファートナトリウム水和物,０．７５％１ｍＬ,帝人ファーマ,11.60,8.50,1.55,10.05,
2399004C1077,プリンペラン細粒２％,メトクロプラミド,２％１ｇ,日医工,11.20,6.90,2.15,9.05,
2399005R1163,ナウゼリンドライシロップ１％,ドンペリドン,１％１ｇ,協和キリン,8.40,6.90,0.75,7.65,
2399008F1020,ガナトン錠５０ｍｇ,イトプリド塩酸塩,５０ｍｇ１錠,ヴィアトリス製薬,7.10,6.30,0.40,6.70,
2399009F1149,ペンタサ錠２５０ｍｇ,メサラジン,２５０ｍｇ１錠,フェリング・ファーマ,26.10,16.80,4.65,21.45,
2399009F2030,ペンタサ錠５００ｍｇ,メサラジン,５００ｍｇ１錠,フェリング・ファーマ,45.80,23.90,10.95,34.85,
2399009F3028,アサコール錠４００ｍｇ,メサラジン,４００ｍｇ１錠,ゼリア新薬工業,26.70,15.70,5.50,21.20,
2399010B1034,ガスモチン散１％,モサプリドクエン酸塩水和物,１％１ｇ,住友ファーマ,17.20,8.90,4.15,13.05,
2399010F1028,ガスモチン錠２．５ｍｇ,モサプリドクエン酸塩水和物,２．５ｍｇ１錠,住友ファーマ,10.80,10.50,0.15,10.65,
2454004B1040,リンデロン散０．１％,ベタメタゾン,０．１％１ｇ,シオノギファーマ,19.00,15.00,2.00,17.00,
2459100F1162,セレスタミン配合錠,ベタメタゾン・ｄ－クロルフェニラミンマレイン酸塩,１錠,高田製薬,7.20,6.30,0.45,6.75,
2473001F1028,ジュリナ錠０．５ｍｇ,エストラジオール,０．５ｍｇ１錠,バイエル薬品,30.30,18.90,5.70,24.60,
2478002F1070,プロベラ錠２．５ｍｇ,メドロキシプロゲステロン酢酸エステル,２．５ｍｇ１錠,ファイザー,14.90,12.60,1.15,13.75,
2478002F2033,ヒスロン錠５,メドロキシプロゲステロン酢酸エステル,５ｍｇ１錠,協和キリン,23.10,13.50,4.80,18.30,
2478002F3056,ヒスロンＨ錠２００ｍｇ,メドロキシプロゲステロン酢酸エステル,２００ｍｇ１錠,協和キリン,77.60,52.80,12.40,65.20,
2482009F1031,ルナベル配合錠ＬＤ,ノルエチステロン・エチニルエストラジオール,１錠,ノーベルファーマ,86.70,57.80,14.45,72.25,
2482009F2020,ルナベル配合錠ＵＬＤ,ノルエチステロン・エチニルエストラジオール,１錠,ノーベルファーマ,111.20,56.40,27.40,83.80,
2491001F5056,カルナクリン錠２５,カリジノゲナーゼ,２５単位１錠,三和化学研究所,9.40,6.30,1.55,7.85,
2491001F6060,カルナクリン錠５０,カリジノゲナーゼ,５０単位１錠,三和化学研究所,12.20,10.30,0.95,11.25,
2499010F1023,ディナゲスト錠１ｍｇ,ジエノゲスト,１ｍｇ１錠,持田製薬,71.20,48.20,11.50,59.70,
2499010F3026,ディナゲスト錠０．５ｍｇ,ジエノゲスト,０．５ｍｇ１錠,持田製薬,67.70,38.70,14.50,53.20,
2499011M1027,アボルブカプセル０．５ｍｇ,デュタステリド,０．５ｍｇ１カプセル,グラクソ・スミスクライン,46.00,25.70,10.15,35.85,
2590005F1022,ポラキス錠２,オキシブチニン塩酸塩,２ｍｇ１錠,チェプラファーム,9.40,6.30,1.55,7.85,
2590005F2029,ポラキス錠３,オキシブチニン塩酸塩,３ｍｇ１錠,チェプラファーム,9.40,6.30,1.55,7.85,
2590005F3025,ポラキス錠１,オキシブチニン塩酸塩,１ｍｇ１錠,チェプラファーム,9.60,6.30,1.65,7.95,
2590007F1021,バップフォー錠１０,プロピベリン塩酸塩,１０ｍｇ１錠,大鵬薬品工業,17.60,12.90,2.35,15.25,
2590007F2028,バップフォー錠２０,プロピベリン塩酸塩,２０ｍｇ１錠,大鵬薬品工業,34.10,23.60,5.25,28.85,
2590009F1039,フリバス錠２５ｍｇ,ナフトピジル,２５ｍｇ１錠,旭化成ファーマ,15.40,10.80,2.30,13.10,
2590009F2035,フリバス錠５０ｍｇ,ナフトピジル,５０ｍｇ１錠,旭化成ファーマ,28.70,10.80,8.95,19.75,
2590009F3023,フリバス錠７５ｍｇ,ナフトピジル,７５ｍｇ１錠,旭化成ファーマ,34.90,14.20,10.35,24.55,
2590009F4020,フリバスＯＤ錠５０ｍｇ,ナフトピジル,５０ｍｇ１錠,旭化成ファーマ,28.70,12.30,8.20,20.50,
2590009F5026,フリバスＯＤ錠７５ｍｇ,ナフトピジル,７５ｍｇ１錠,旭化成ファーマ,34.90,19.00,7.95,26.95,
2590009F6022,フリバスＯＤ錠２５ｍｇ,ナフトピジル,２５ｍｇ１錠,旭化成ファーマ,15.40,10.80,2.30,13.10,
2590010F1023,ユリーフ錠２ｍｇ,シロドシン,２ｍｇ１錠,キッセイ薬品工業,14.10,10.80,1.65,12.45,
2590010F2020,ユリーフ錠４ｍｇ,シロドシン,４ｍｇ１錠,キッセイ薬品工業,23.10,12.30,5.40,17.70,
2590010F3026,ユリーフＯＤ錠２ｍｇ,シロドシン,２ｍｇ１錠,キッセイ薬品工業,14.10,10.80,1.65,12.45,
2590010F4022,ユリーフＯＤ錠４ｍｇ,シロドシン,４ｍｇ１錠,キッセイ薬品工業,23.10,12.30,5.40,17.70,
2590011F1028,ベシケア錠２．５ｍｇ,コハク酸ソリフェナシン,２．５ｍｇ１錠,アステラス製薬,40.30,22.40,8.95,31.35,
2590011F2024,ベシケア錠５ｍｇ,コハク酸ソリフェナシン,５ｍｇ１錠,アステラス製薬,70.70,55.40,7.65,63.05,
2590011F3020,ベシケアＯＤ錠２．５ｍｇ,コハク酸ソリフェナシン,２．５ｍｇ１錠,アステラス製薬,40.30,17.30,11.50,28.80,
2590011F4027,ベシケアＯＤ錠５ｍｇ,コハク酸ソリフェナシン,５ｍｇ１錠,アステラス製薬,70.70,28.90,20.90,49.80,
2590013F1027,ウリトス錠０．１ｍｇ,イミダフェナシン,０．１ｍｇ１錠,杏林製薬,36.30,14.50,10.90,25.40,
2590013F1035,ステーブラ錠０．１ｍｇ,イミダフェナシン,０．１ｍｇ１錠,小野薬品工業,36.30,14.50,10.90,25.40,
2590013F2023,ウリトスＯＤ錠０．１ｍｇ,イミダフェナシン,０．１ｍｇ１錠,杏林製薬,36.30,14.50,10.90,25.40,
2590013F2031,ステーブラＯＤ錠０．１ｍｇ,イミダフェナシン,０．１ｍｇ１錠,小野薬品工業,36.30,14.50,10.90,25.40,
2590016F1020,ザルティア錠２．５ｍｇ,タダラフィル,２．５ｍｇ１錠,日本新薬,40.30,27.20,6.55,33.75,
2590016F2027,ザルティア錠５ｍｇ,タダラフィル,５ｍｇ１錠,日本新薬,78.60,59.90,9.35,69.25,
2590100X2046,エビプロスタット配合錠ＤＢ,オオウメガサソウエキス・ハコヤナギエキス配合剤,１錠,日本新薬,22.30,6.30,8.00,14.30,
3112001F1055,ワンアルファ錠０．２５μｇ,アルファカルシドール,０．２５μｇ１錠,帝人ファーマ,7.10,6.30,0.40,6.70,
3112001F2051,ワンアルファ錠０．５μｇ,アルファカルシドール,０．５μｇ１錠,帝人ファーマ,7.20,6.30,0.45,6.75,
3112001F3058,ワンアルファ錠１．０μｇ,アルファカルシドール,１μｇ１錠,帝人ファーマ,9.80,6.30,1.75,8.05,
3112001M3065,アルファロールカプセル１μｇ,アルファカルシドール,１μｇ１カプセル,中外製薬,8.40,6.30,1.05,7.35,
3112001M4037,アルファロールカプセル３μｇ,アルファカルシドール,３μｇ１カプセル,中外製薬,21.60,14.30,3.65,17.95,
3112004M1023,ロカルトロールカプセル０．２５,カルシトリオール,０．２５μｇ１カプセル,中外製薬,7.40,6.30,0.55,6.85,
3112004M2020,ロカルトロールカプセル０．５,カルシトリオール,０．５μｇ１カプセル,中外製薬,10.30,7.40,1.45,8.85,
3112006M1022,エディロールカプセル０．５μｇ,エルデカルシトール,０．５μｇ１カプセル,中外製薬,23.90,12.30,5.80,18.10,
3112006M2029,エディロールカプセル０．７５μｇ,エルデカルシトール,０．７５μｇ１カプセル,中外製薬,34.90,18.00,8.45,26.45,
3133001B1193,パントシン散２０％,パンテチン,２０％１ｇ,アルフレッサファーマ,10.00,9.50,0.25,9.75,
3133001F2132,パントシン錠６０,パンテチン,６０ｍｇ１錠,アルフレッサファーマ,6.30,6.10,0.10,6.20,
3133001F3090,パントシン錠１００,パンテチン,１００ｍｇ１錠,アルフレッサファーマ,6.30,6.10,0.10,6.20,
3160001F1311,カチーフＮ錠５ｍｇ,フィトナジオン,５ｍｇ１錠,武田薬品工業,10.30,6.30,2.00,8.30,
3160001F1320,ケーワン錠５ｍｇ,フィトナジオン,５ｍｇ１錠,エーザイ,6.40,6.30,0.05,6.35,
3160002M2028,グラケーカプセル１５ｍｇ,メナテトレノン,１５ｍｇ１カプセル,エーザイ,11.90,9.90,1.00,10.90,
3327002Q1062,トランサミンシロップ５％,トラネキサム酸,５％１ｍＬ,ニプロファーマ,4.70,3.70,0.50,4.20,
3339003F1024,イグザレルト錠１０ｍｇ,リバーロキサバン,１０ｍｇ１錠,バイエル薬品,317.60,143.00,87.30,230.30,
3339003F2020,イグザレルト錠１５ｍｇ,リバーロキサバン,１５ｍｇ１錠,バイエル薬品,420.30,200.00,110.15,310.15,
3339003F3027,イグザレルトＯＤ錠１０ｍｇ,リバーロキサバン,１０ｍｇ１錠,バイエル薬品,317.60,143.00,87.30,230.30,
3339003F4023,イグザレルトＯＤ錠１５ｍｇ,リバーロキサバン,１５ｍｇ１錠,バイエル薬品,418.90,200.00,109.45,309.45,
3399001F1384,パナルジン錠１００ｍｇ,チクロピジン塩酸塩,１００ｍｇ１錠,チェプラファーム,11.00,10.80,0.10,10.90,
3399002F3020,プレタールＯＤ錠５０ｍｇ,シロスタゾール,５０ｍｇ１錠,大塚製薬,15.20,10.80,2.20,13.00,
3399002F4027,プレタールＯＤ錠１００ｍｇ,シロスタゾール,１００ｍｇ１錠,大塚製薬,18.00,13.90,2.05,15.95,
3399004M1026,エパデールカプセル３００,イコサペント酸エチル,３００ｍｇ１カプセル,持田製薬,19.50,14.60,2.45,17.05,
3399004M2022,エパデールＳ３００,イコサペント酸エチル,３００ｍｇ１包,持田製薬,19.40,15.10,2.15,17.25,
3399004M3029,エパデールＳ６００,イコサペント酸エチル,６００ｍｇ１包,持田製薬,32.80,29.40,1.70,31.10,
3399004M4025,エパデールＳ９００,イコサペント酸エチル,９００ｍｇ１包,持田製薬,42.50,41.20,0.65,41.85,
3399006F1026,アンプラーグ錠５０ｍｇ,サルポグレラート塩酸塩,５０ｍｇ１錠,田辺ファーマ,29.30,28.50,0.40,28.90,
3399006F2022,アンプラーグ錠１００ｍｇ,サルポグレラート塩酸塩,１００ｍｇ１錠,田辺ファーマ,43.70,34.20,4.75,38.95,
3399008F1025,プラビックス錠２５ｍｇ,クロピドグレル硫酸塩,２５ｍｇ１錠,サノフィ,18.70,12.60,3.05,15.65,
3399008F2021,プラビックス錠７５ｍｇ,クロピドグレル硫酸塩,７５ｍｇ１錠,サノフィ,40.90,28.30,6.30,34.60,
3922001F2248,タチオン錠１００ｍｇ,グルタチオン,１００ｍｇ１錠,長生堂製薬,12.40,10.10,1.15,11.25,
3929004F2021,ユーゼル錠２５ｍｇ,ホリナートカルシウム,２５ｍｇ１錠,大鵬薬品工業,530.50,455.60,37.45,493.05,
3929004F2030,ロイコボリン錠２５ｍｇ,ホリナートカルシウム,２５ｍｇ１錠,ファイザー,892.80,455.60,218.60,674.20,
3929007D1028,ノベルジン顆粒５％,酢酸亜鉛水和物,５％１ｇ,ノーベルファーマ,402.20,186.00,108.10,294.10,
3929007F1029,ノベルジン錠２５ｍｇ,酢酸亜鉛水和物,２５ｍｇ１錠,ノーベルファーマ,201.10,81.50,59.80,141.30,
3929007F2025,ノベルジン錠５０ｍｇ,酢酸亜鉛水和物,５０ｍｇ１錠,ノーベルファーマ,321.60,126.60,97.50,224.10,
3929008D2029,ジャドニュ顆粒分包３６０ｍｇ,デフェラシロクス,３６０ｍｇ１包,ノバルティス　ファーマ,1528.80,1173.00,177.90,1350.90,
3949002F1053,ユリノーム錠２５ｍｇ,ベンズブロマロン,２５ｍｇ１錠,トーアエイヨー,7.10,6.30,0.40,6.70,
3949002F2114,ユリノーム錠５０ｍｇ,ベンズブロマロン,５０ｍｇ１錠,トーアエイヨー,9.50,6.30,1.60,7.90,
3949003F1023,フェブリク錠１０ｍｇ,フェブキソスタット,１０ｍｇ１錠,帝人ファーマ,12.40,6.30,3.05,9.35,
3949003F2020,フェブリク錠２０ｍｇ,フェブキソスタット,２０ｍｇ１錠,帝人ファーマ,24.90,10.80,7.05,17.85,
3949003F3026,フェブリク錠４０ｍｇ,フェブキソスタット,４０ｍｇ１錠,帝人ファーマ,40.00,17.00,11.50,28.50,
3961003F2024,オイグルコン錠２．５ｍｇ,グリベンクラミド,２．５ｍｇ１錠,太陽ファルマ,7.40,6.30,0.55,6.85,
3961008F2027,アマリール３ｍｇ錠,グリメピリド,３ｍｇ１錠,サノフィ,16.60,10.80,2.90,13.70,
3961008F3023,アマリール０．５ｍｇ錠,グリメピリド,０．５ｍｇ１錠,サノフィ,10.80,10.50,0.15,10.65,
3969004F1020,ベイスン錠０．２,ボグリボース,０．２ｍｇ１錠,Ｔ’ｓ製薬,12.80,10.80,1.00,11.80,
3969004F2027,ベイスン錠０．３,ボグリボース,０．３ｍｇ１錠,Ｔ’ｓ製薬,12.90,10.80,1.05,11.85,
3969006F2034,ファスティック錠９０,ナテグリニド,９０ｍｇ１錠,ＥＡファーマ,17.50,14.90,1.30,16.20,
3969007F1024,アクトス錠１５,ピオグリタゾン塩酸塩,１５ｍｇ１錠,Ｔ’ｓ製薬,16.30,10.80,2.75,13.55,
3969007F2020,アクトス錠３０,ピオグリタゾン塩酸塩,３０ｍｇ１錠,Ｔ’ｓ製薬,29.90,29.80,0.05,29.85,
3969007F3027,アクトスＯＤ錠１５,ピオグリタゾン塩酸塩,１５ｍｇ１錠,Ｔ’ｓ製薬,16.30,10.80,2.75,13.55,
3969007F4023,アクトスＯＤ錠３０,ピオグリタゾン塩酸塩,３０ｍｇ１錠,Ｔ’ｓ製薬,29.90,18.70,5.60,24.30,
3969008F3021,グルファストＯＤ錠５ｍｇ,ミチグリニドカルシウム水和物,５ｍｇ１錠,キッセイ薬品工業,10.80,8.80,1.00,9.80,
3969008F4028,グルファストＯＤ錠１０ｍｇ,ミチグリニドカルシウム水和物,１０ｍｇ１錠,キッセイ薬品工業,16.90,12.50,2.20,14.70,
3969009F2020,セイブル錠５０ｍｇ,ミグリトール,５０ｍｇ１錠,三和化学研究所,17.50,10.80,3.35,14.15,
3969009F3026,セイブル錠７５ｍｇ,ミグリトール,７５ｍｇ１錠,三和化学研究所,23.10,14.90,4.10,19.00,
3969009F4022,セイブルＯＤ錠５０ｍｇ,ミグリトール,５０ｍｇ１錠,三和化学研究所,17.50,10.80,3.35,14.15,
3969009F5029,セイブルＯＤ錠７５ｍｇ,ミグリトール,７５ｍｇ１錠,三和化学研究所,23.10,14.90,4.10,19.00,
3969011F1020,エクア錠５０ｍｇ,ビルダグリプチン,５０ｍｇ１錠,ノバルティス　ファーマ,38.70,16.00,11.35,27.35,
3969017F1028,オングリザ錠２．５ｍｇ,サキサグリプチン水和物,２．５ｍｇ１錠,協和キリン,40.50,24.40,8.05,32.45,
3969017F2024,オングリザ錠５ｍｇ,サキサグリプチン水和物,５ｍｇ１錠,協和キリン,60.60,36.50,12.05,48.55,
3969104F1029,エクメット配合錠ＬＤ,ビルダグリプチン・メトホルミン塩酸塩,１錠,ノバルティス　ファーマ,42.00,22.70,9.65,32.35,
3969104F2025,エクメット配合錠ＨＤ,ビルダグリプチン・メトホルミン塩酸塩,１錠,ノバルティス　ファーマ,41.20,22.50,9.35,31.85,
3999004M3021,ネオーラル１０ｍｇカプセル,シクロスポリン,１０ｍｇ１カプセル,ノバルティス　ファーマ,36.60,27.30,4.65,31.95,
3999004M4028,ネオーラル２５ｍｇカプセル,シクロスポリン,２５ｍｇ１カプセル,ノバルティス　ファーマ,77.20,53.50,11.85,65.35,
3999004M5024,ネオーラル５０ｍｇカプセル,シクロスポリン,５０ｍｇ１カプセル,ノバルティス　ファーマ,122.60,88.50,17.05,105.55,
3999014M1022,プログラフカプセル１ｍｇ,タクロリムス水和物,１ｍｇ１カプセル,アステラス製薬,305.40,153.50,75.95,229.45,
3999014M2029,プログラフカプセル０．５ｍｇ,タクロリムス水和物,０．５ｍｇ１カプセル,アステラス製薬,179.20,90.00,44.60,134.60,
3999014M3025,プログラフカプセル５ｍｇ,タクロリムス水和物,５ｍｇ１カプセル,アステラス製薬,1181.50,603.70,288.90,892.60,
3999016M1021,リウマトレックスカプセル２ｍｇ,メトトレキサート,２ｍｇ１カプセル,ファイザー,77.90,59.40,9.25,68.65,
3999019F2022,アクトネル錠１７．５ｍｇ,リセドロン酸ナトリウム水和物,１７．５ｍｇ１錠,ＥＡファーマ,165.30,87.80,38.75,126.55,
3999019F2030,ベネット錠１７．５ｍｇ,リセドロン酸ナトリウム水和物,１７．５ｍｇ１錠,武田薬品工業,165.30,87.80,38.75,126.55,
3999019F3029,アクトネル錠７５ｍｇ,リセドロン酸ナトリウム水和物,７５ｍｇ１錠,ＥＡファーマ,731.00,292.40,219.30,511.70,
3999019F3037,ベネット錠７５ｍｇ,リセドロン酸ナトリウム水和物,７５ｍｇ１錠,武田薬品工業,731.00,292.40,219.30,511.70,
3999021F1023,エビスタ錠６０ｍｇ,ラロキシフェン塩酸塩,６０ｍｇ１錠,クリニジェン,43.00,23.30,9.85,33.15,
3999025F1021,ピレスパ錠２００ｍｇ,ピルフェニドン,２００ｍｇ１錠,塩野義製薬,280.60,110.40,85.10,195.50,
3999026F1026,ボノテオ錠１ｍｇ,ミノドロン酸水和物,１ｍｇ１錠,アステラス製薬,41.60,33.60,4.00,37.60,
3999026F1034,リカルボン錠１ｍｇ,ミノドロン酸水和物,１ｍｇ１錠,小野薬品工業,45.10,33.60,5.75,39.35,
3999026F2022,ボノテオ錠５０ｍｇ,ミノドロン酸水和物,５０ｍｇ１錠,アステラス製薬,1046.90,472.80,287.05,759.85,
3999026F2030,リカルボン錠５０ｍｇ,ミノドロン酸水和物,５０ｍｇ１錠,小野薬品工業,1114.30,472.80,320.75,793.55,
3999027F1020,ビビアント錠２０ｍｇ,バゼドキシフェン酢酸塩,２０ｍｇ１錠,ファイザー,42.30,25.70,8.30,34.00,
3999031F1035,ケアラム錠２５ｍｇ,イグラチモド,２５ｍｇ１錠,エーザイ,73.70,32.20,20.75,52.95,
3999033F1026,エルカルチンＦＦ錠１００ｍｇ,レボカルニチン,１００ｍｇ１錠,大塚製薬,44.50,28.60,7.95,36.55,
3999033F2022,エルカルチンＦＦ錠２５０ｍｇ,レボカルニチン,２５０ｍｇ１錠,大塚製薬,132.20,73.00,29.60,102.60,
3999038F1029,プラケニル錠２００ｍｇ,ヒドロキシクロロキン硫酸塩,２００ｍｇ１錠,サノフィ,238.50,127.30,55.60,182.90,
4223005F1022,ゼローダ錠３００,カペシタビン,３００ｍｇ１錠,チェプラファーム,107.30,64.80,21.25,86.05,
4229101F1026,ティーエスワン配合ＯＤ錠Ｔ２０,テガフール・ギメラシル・オテラシルカリウム配合剤,２０ｍｇ１錠（テガフール相当量）,大鵬薬品工業,220.80,113.00,53.90,166.90,
4229101F2022,ティーエスワン配合ＯＤ錠Ｔ２５,テガフール・ギメラシル・オテラシルカリウム配合剤,２５ｍｇ１錠（テガフール相当量）,大鵬薬品工業,301.00,171.20,64.90,236.10,
4229101M1033,ティーエスワン配合カプセルＴ２０,テガフール・ギメラシル・オテラシルカリウム配合剤,２０ｍｇ１カプセル（テガフール相当量）,大鵬薬品工業,220.80,101.80,59.50,161.30,
4229101M2030,ティーエスワン配合カプセルＴ２５,テガフール・ギメラシル・オテラシルカリウム配合剤,２５ｍｇ１カプセル（テガフール相当量）,大鵬薬品工業,301.00,80.20,110.40,190.60,
4291003F2054,ノルバデックス錠２０ｍｇ,タモキシフェンクエン酸塩,２０ｍｇ１錠,アストラゼネカ,40.50,27.00,6.75,33.75,
4291005F1057,オダイン錠１２５ｍｇ,フルタミド,１２５ｍｇ１錠,日本化薬,70.40,46.90,11.75,58.65,
4291007F1021,フェアストン錠４０,トレミフェンクエン酸塩,４０ｍｇ１錠,日本化薬,101.70,78.50,11.60,90.10,
4291009F2027,カソデックスＯＤ錠８０ｍｇ,ビカルタミド,８０ｍｇ１錠,アストラゼネカ,111.50,97.10,7.20,104.30,
4291011F1028,グリベック錠１００ｍｇ,イマチニブメシル酸塩,１００ｍｇ１錠,ノバルティス　ファーマ,1131.80,474.10,328.85,802.95,
4291012F1022,アロマシン錠２５ｍｇ,エキセメスタン,２５ｍｇ１錠,ファイザー,111.40,102.40,4.50,106.90,
4291013F1027,イレッサ錠２５０,ゲフィチニブ,２５０ｍｇ１錠,アストラゼネカ,1716.10,1135.10,290.50,1425.60,
4291020F1027,スプリセル錠２０ｍｇ,ダサチニブ水和物,２０ｍｇ１錠,ブリストル・マイヤーズ　スクイブ,2359.80,903.40,728.20,1631.60,
4291020F2023,スプリセル錠５０ｍｇ,ダサチニブ水和物,５０ｍｇ１錠,ブリストル・マイヤーズ　スクイブ,5070.50,2154.80,1457.85,3612.65,
4291024M1024,レブラミドカプセル５ｍｇ,レナリドミド水和物,５ｍｇ１カプセル,ブリストル・マイヤーズ　スクイブ,8005.50,3590.60,2207.45,5798.05,
4291024M2020,レブラミドカプセル２．５ｍｇ,レナリドミド水和物,２．５ｍｇ１カプセル,ブリストル・マイヤーズ　スクイブ,6762.40,3137.80,1812.30,4950.10,
4419002Q1095,ポララミンシロップ０．０４％,ｄ－クロルフェニラミンマレイン酸塩,０．０４％１０ｍＬ,高田製薬,14.40,8.20,3.10,11.30,
4419008F1431,タベジール錠１ｍｇ,クレマスチンフマル酸塩,１ｍｇ１錠,日新製薬（山形）,6.40,6.30,0.05,6.35,
4419008Q1157,タベジールシロップ０．０１％,クレマスチンフマル酸塩,０．０１％１０ｍＬ,日新製薬（山形）,17.60,11.70,3.00,14.60,
4490003R1228,ザジテンドライシロップ０．１％,ケトチフェンフマル酸塩,０．１％１ｇ,サンファーマ,8.30,6.90,0.70,7.60,
4490004F1021,アゼプチン錠０．５ｍｇ,アゼラスチン塩酸塩,０．５ｍｇ１錠,エーザイ,7.80,6.10,0.85,6.95,
4490004F2028,アゼプチン錠１ｍｇ,アゼラスチン塩酸塩,１ｍｇ１錠,エーザイ,7.30,6.30,0.50,6.80,
4490011F2036,ペミラストン錠５ｍｇ,ペミロラストカリウム,５ｍｇ１錠,アルフレッサファーマ,12.10,10.90,0.60,11.50,
4490017R1033,オノンドライシロップ１０％,プランルカスト水和物,１０％１ｇ,小野薬品工業,31.30,29.80,0.75,30.55,
4490019F2024,エバステル錠１０ｍｇ,エバスチン,１０ｍｇ１錠,住友ファーマ,30.60,20.40,5.10,25.50,
4490019F3020,エバステルＯＤ錠５ｍｇ,エバスチン,５ｍｇ１錠,住友ファーマ,24.50,16.30,4.10,20.40,
4490019F4027,エバステルＯＤ錠１０ｍｇ,エバスチン,１０ｍｇ１錠,住友ファーマ,30.60,20.40,5.10,25.50,
4490020R1027,ジルテックドライシロップ１．２５％,セチリジン塩酸塩,１．２５％１ｇ,ユーシービージャパン,73.80,65.70,4.05,69.75,
4490022F1038,タリオン錠５ｍｇ,ベポタスチンベシル酸塩,５ｍｇ１錠,田辺ファーマ,14.80,10.80,2.00,12.80,
4490022F2034,タリオン錠１０ｍｇ,ベポタスチンベシル酸塩,１０ｍｇ１錠,田辺ファーマ,16.60,10.80,2.90,13.70,
4490022F3022,タリオンＯＤ錠５ｍｇ,ベポタスチンベシル酸塩,５ｍｇ１錠,田辺ファーマ,14.80,10.80,2.00,12.80,
4490022F4029,タリオンＯＤ錠１０ｍｇ,ベポタスチンベシル酸塩,１０ｍｇ１錠,田辺ファーマ,16.60,10.80,2.90,13.70,
4490025D1022,アレロック顆粒０．５％,オロパタジン塩酸塩,０．５％１ｇ,日新製薬（山形）,22.70,20.10,1.30,21.40,
4490025F1023,アレロック錠２．５,オロパタジン塩酸塩,２．５ｍｇ１錠,協和キリン,13.60,10.80,1.40,12.20,
4490025F2020,アレロック錠５,オロパタジン塩酸塩,５ｍｇ１錠,協和キリン,16.80,10.80,3.00,13.80,
4490025F3026,アレロックＯＤ錠２．５,オロパタジン塩酸塩,２．５ｍｇ１錠,協和キリン,13.60,10.80,1.40,12.20,
4490025F4022,アレロックＯＤ錠５,オロパタジン塩酸塩,５ｍｇ１錠,協和キリン,16.80,10.80,3.00,13.80,
4490026C1021,キプレス細粒４ｍｇ,モンテルカストナトリウム,４ｍｇ１包,杏林製薬,56.30,32.40,11.95,44.35,
4490026C1030,シングレア細粒４ｍｇ,モンテルカストナトリウム,４ｍｇ１包,オルガノン,56.30,32.40,11.95,44.35,
4490026F1044,キプレスチュアブル錠５ｍｇ,モンテルカストナトリウム,５ｍｇ１錠,杏林製薬,41.30,24.00,8.65,32.65,
4490026F1052,シングレアチュアブル錠５ｍｇ,モンテルカストナトリウム,５ｍｇ１錠,オルガノン,41.30,24.00,8.65,32.65,
4490026F2040,キプレス錠１０ｍｇ,モンテルカストナトリウム,１０ｍｇ１錠,杏林製薬,41.90,31.50,5.20,36.70,
4490026F2059,シングレア錠１０ｍｇ,モンテルカストナトリウム,１０ｍｇ１錠,オルガノン,41.90,31.50,5.20,36.70,
4490026F3020,キプレス錠５ｍｇ,モンテルカストナトリウム,５ｍｇ１錠,杏林製薬,42.20,29.70,6.25,35.95,
4490026F3039,シングレア錠５ｍｇ,モンテルカストナトリウム,５ｍｇ１錠,オルガノン,46.00,29.70,8.15,37.85,
4490026F4027,キプレスＯＤ錠１０ｍｇ,モンテルカストナトリウム,１０ｍｇ１錠,杏林製薬,41.90,31.50,5.20,36.70,
4490026F4035,シングレアＯＤ錠１０ｍｇ,モンテルカストナトリウム,１０ｍｇ１錠,オルガノン,41.90,31.50,5.20,36.70,
4490027F1022,クラリチン錠１０ｍｇ,ロラタジン,１０ｍｇ１錠,バイエル薬品,25.90,13.90,6.00,19.90,
4490027F2029,クラリチンレディタブ錠１０ｍｇ,ロラタジン,１０ｍｇ１錠,バイエル薬品,25.90,13.90,6.00,19.90,
4490027R1029,クラリチンドライシロップ１％,ロラタジン,１％１ｇ,バイエル薬品,47.00,26.10,10.45,36.55,
4490028F1027,ザイザル錠５ｍｇ,レボセチリジン塩酸塩,５ｍｇ１錠,グラクソ・スミスクライン,32.00,13.40,9.30,22.70,
4490100F1021,ディレグラ配合錠,フェキソフェナジン塩酸塩・塩酸プソイドエフェドリン,１錠,ＬＴＬファーマ,24.70,20.80,1.95,22.75,
6132011F1080,バナン錠１００ｍｇ,セフポドキシム　プロキセチル,１００ｍｇ１錠,第一三共,36.40,35.30,0.55,35.85,
6132013C1031,セフゾン細粒小児用１０％,セフジニル,１００ｍｇ１ｇ,ＬＴＬファーマ,55.30,44.80,5.25,50.05,
6149002F1029,ルリッド錠１５０,ロキシスロマイシン,１５０ｍｇ１錠,サノフィ,18.70,18.30,0.20,18.50,
6149003F1023,クラリシッド錠５０ｍｇ小児用,クラリスロマイシン,５０ｍｇ１錠,日本ケミファ,16.90,13.90,1.50,15.40,
6149003F1031,クラリス錠５０小児用,クラリスロマイシン,５０ｍｇ１錠,大正製薬,16.90,13.90,1.50,15.40,
6149004C1030,ジスロマック細粒小児用１０％,アジスロマイシン水和物,１００ｍｇ１ｇ,ファイザー,113.20,59.20,27.00,86.20,
6149004F1028,ジスロマック錠２５０ｍｇ,アジスロマイシン水和物,２５０ｍｇ１錠,ファイザー,115.00,90.50,12.25,102.75,
6179001F1023,ブイフェンド錠５０ｍｇ,ボリコナゾール,５０ｍｇ１錠,ファイザー,236.30,131.10,52.60,183.70,
6179001F2020,ブイフェンド錠２００ｍｇ,ボリコナゾール,２００ｍｇ１錠,ファイザー,868.30,513.80,177.25,691.05,
6241010C1024,オゼックス細粒小児用１５％,トスフロキサシントシル酸塩水和物,１５０ｍｇ１ｇ,富士フイルム富山化学,256.50,102.60,76.95,179.55,
6241013C2024,クラビット細粒１０％,レボフロキサシン水和物,１００ｍｇ１ｇ（レボフロキサシンとして）,第一三共,32.50,26.20,3.15,29.35,
6249002F1024,ザイボックス錠６００ｍｇ,リネゾリド,６００ｍｇ１錠,ファイザー,5243.90,4077.20,583.35,4660.55,
6250002D1024,ゾビラックス顆粒４０％,アシクロビル,４０％１ｇ,グラクソ・スミスクライン,51.70,39.80,5.95,45.75,
6250021M1027,タミフルカプセル７５,オセルタミビルリン酸塩,７５ｍｇ１カプセル,中外製薬,172.30,108.00,32.15,140.15,
6250021R1024,タミフルドライシロップ３％,オセルタミビルリン酸塩,３％１ｇ,中外製薬,103.00,75.90,13.55,89.45,
6250029F1024,バラクルード錠０．５ｍｇ,エンテカビル水和物,０．５ｍｇ１錠,ブリストル・マイヤーズ　スクイブ,165.20,122.70,21.25,143.95,
6250031F1021,ファムビル錠２５０ｍｇ,ファムシクロビル,２５０ｍｇ１錠,旭化成ファーマ,180.20,72.70,53.75,126.45,
6250102F1031,エプジコム配合錠,ラミブジン・アバカビル硫酸塩,１錠,ヴィーブヘルスケア,1788.40,645.70,571.35,1217.05,
6290004M1029,イトリゾールカプセル５０,イトラコナゾール,５０ｍｇ１カプセル,ヤンセンファーマ,85.40,55.10,15.15,70.25,
1129400A1054,プレセデックス静注液２００μｇ「ファイザー」,デクスメデトミジン塩酸塩,２００μｇ２ｍＬ１瓶,ファイザー,2154.00,1434.00,360.00,1794.00,
1129400G1022,プレセデックス静注液２００μｇ／５０ｍＬシリンジ「ファイザー」,デクスメデトミジン塩酸塩,２００μｇ５０ｍＬ１筒,ファイザー,1927.00,1877.00,25.00,1902.00,
1149502A1089,ネオビタカイン注２ｍＬ,サリチル酸ナトリウム・ジブカイン配合剤,２ｍＬ１管,ビタカイン製薬,186.00,63.00,61.50,124.50,
1149503A1083,ネオビタカイン注５ｍＬ,サリチル酸ナトリウム・ジブカイン配合剤,５ｍＬ１管,ビタカイン製薬,226.00,63.00,81.50,144.50,
1190401A1023,ラジカット注３０ｍｇ,エダラボン,３０ｍｇ２０ｍＬ１管,田辺ファーマ,1731.00,1350.00,190.50,1540.50,
1190401G1026,ラジカット点滴静注バッグ３０ｍｇ,エダラボン,３０ｍｇ１００ｍＬ１キット,田辺ファーマ,1731.00,1468.00,131.50,1599.50,
1214400H1055,キシロカイン注ポリアンプ２％,リドカイン塩酸塩,２％１０ｍＬ１管,サンドファーマ,117.00,104.00,6.50,110.50,
2115401A1201,ジプロフィリン注３００ｍｇ「エーザイ」,ジプロフィリン,１５％２ｍＬ１管,エーザイ,95.00,63.00,16.00,79.00,
2119402A1299,イノバン注１００ｍｇ,ドパミン塩酸塩,１００ｍｇ５ｍＬ１管,テルモ,182.00,151.00,15.50,166.50,
2119404A1026,ドブトレックス注射液１００ｍｇ,ドブタミン塩酸塩,１００ｍｇ１管,共和薬品工業,298.00,251.00,23.50,274.50,
2119408A1024,ミルリーラ注射液１０ｍｇ,ミルリノン,１０ｍｇ１０ｍＬ１管,日医工,1969.00,1326.00,321.50,1647.50,
2129402A1040,ワソラン静注５ｍｇ,ベラパミル塩酸塩,０．２５％２ｍＬ１管,エーザイ,192.00,167.00,12.50,179.50,
2129410A1028,アンカロン注１５０,アミオダロン塩酸塩,１５０ｍｇ３ｍＬ１管,サノフィ,1152.00,768.00,192.00,960.00,
2171405D3020,ヘルベッサー注射用２５０,ジルチアゼム塩酸塩,２５０ｍｇ１瓶,田辺ファーマ,1419.00,946.00,236.50,1182.50,
2171405D4050,ヘルベッサー注射用１０,ジルチアゼム塩酸塩,１０ｍｇ１瓶,田辺ファーマ,156.00,104.00,26.00,130.00,
2171405D5057,ヘルベッサー注射用５０,ジルチアゼム塩酸塩,５０ｍｇ１瓶,田辺ファーマ,411.00,274.00,68.50,342.50,
2171406D1021,シグマート注２ｍｇ,ニコランジル,２ｍｇ１瓶,中外製薬,138.00,88.00,25.00,113.00,
2171406D2028,シグマート注１２ｍｇ,ニコランジル,１２ｍｇ１瓶,中外製薬,506.00,350.00,78.00,428.00,
2171406D3024,シグマート注４８ｍｇ,ニコランジル,４８ｍｇ１瓶,中外製薬,1680.00,1055.00,312.50,1367.50,
2190402D2092,プロスタンディン点滴静注用５００μｇ,アルプロスタジル　アルファデクス,５００μｇ１瓶,丸石製薬,5934.00,3956.00,989.00,4945.00,
2190402D3064,プロスタンディン注射用２０μｇ,アルプロスタジル　アルファデクス,２０μｇ１瓶,丸石製薬,443.00,295.00,74.00,369.00,
2190406G2038,パルクス注ディスポ１０μｇ,アルプロスタジル,１０μｇ２ｍＬ１筒,大正製薬,1482.00,988.00,247.00,1235.00,
2190406G2046,リプルキット注１０μｇ,アルプロスタジル,１０μｇ２ｍＬ１筒,田辺ファーマ,1482.00,988.00,247.00,1235.00,
2190408A2026,スロンノンＨＩ注１０ｍｇ／２ｍＬ,アルガトロバン水和物,１０ｍｇ２ｍＬ１管,アルフレッサファーマ,1284.00,1201.00,41.50,1242.50,
2190408A2034,ノバスタンＨＩ注１０ｍｇ／２ｍＬ,アルガトロバン水和物,１０ｍｇ２ｍＬ１管,田辺ファーマ,1205.00,1201.00,2.00,1203.00,
2190413F2024,静注用フローラン０．５ｍｇ,エポプロステノールナトリウム,０．５ｍｇ１瓶,グラクソ・スミスクライン,6194.00,3566.00,1314.00,4880.00,
2190413F3020,静注用フローラン１．５ｍｇ,エポプロステノールナトリウム,１．５ｍｇ１瓶,グラクソ・スミスクライン,12123.00,6340.00,2891.50,9231.50,
2190414A1033,エリル点滴静注液３０ｍｇ,ファスジル塩酸塩水和物,３０．８ｍｇ２ｍＬ１管,旭化成ファーマ,1693.00,703.00,495.00,1198.00,
2190501A5064,グリセオール注,濃グリセリン・果糖,５００ｍＬ１袋,太陽ファルマ,706.00,591.00,57.50,648.50,
2219403A1027,アネキセート注射液０．５ｍｇ,フルマゼニル,０．５ｍｇ５ｍＬ１管,サンドファーマ,1492.00,1005.00,243.50,1248.50,
2325400A1077,タガメット注射液２００ｍｇ,シメチジン,１０％２ｍＬ１管,住友ファーマ,78.00,72.00,3.00,75.00,
2325401A1020,ガスター注射液１０ｍｇ,ファモチジン,１０ｍｇ１ｍＬ１管,ＬＴＬファーマ,143.00,104.00,19.50,123.50,
2325401A2027,ガスター注射液２０ｍｇ,ファモチジン,２０ｍｇ２ｍＬ１管,ＬＴＬファーマ,140.00,104.00,18.00,122.00,
2391404A1020,アロキシ静注０．７５ｍｇ,パロノセトロン塩酸塩,０．７５ｍｇ５ｍＬ１瓶,大鵬薬品工業,7411.00,4129.00,1641.00,5770.00,
2391404G1022,アロキシ点滴静注バッグ０．７５ｍｇ,パロノセトロン塩酸塩,０．７５ｍｇ５０ｍＬ１袋,大鵬薬品工業,6826.00,4363.00,1231.50,5594.50,
2454404A1064,リンデロン注２ｍｇ（０．４％）,ベタメタゾンリン酸エステルナトリウム,２ｍｇ１管,シオノギファーマ,166.00,63.00,51.50,114.50,
2454404A2060,リンデロン注４ｍｇ（０．４％）,ベタメタゾンリン酸エステルナトリウム,４ｍｇ１管,シオノギファーマ,268.00,82.00,93.00,175.00,
2454404A3067,リンデロン注２０ｍｇ（０．４％）,ベタメタゾンリン酸エステルナトリウム,２０ｍｇ１管,シオノギファーマ,1256.00,420.00,418.00,838.00,
2499401A2050,プロスタルモン・Ｆ注射液１０００,ジノプロスト,１ｍｇ１ｍＬ１管,丸石製薬,342.00,228.00,57.00,285.00,
2499403A1037,サンドスタチン皮下注用５０μｇ,オクトレオチド酢酸塩,５０μｇ１ｍＬ１管,ノバルティス　ファーマ,566.00,428.00,69.00,497.00,
2499403A2033,サンドスタチン皮下注用１００μｇ,オクトレオチド酢酸塩,１００μｇ１ｍＬ１管,ノバルティス　ファーマ,963.00,663.00,150.00,813.00,
2499407G1054,リュープリン注射用キット１．８８ｍｇ,リュープロレリン酢酸塩,１．８８ｍｇ１筒,武田薬品工業,16187.00,14429.00,879.00,15308.00,
2499407G2050,リュープリン注射用キット３．７５ｍｇ,リュープロレリン酢酸塩,３．７５ｍｇ１筒,武田薬品工業,21354.00,17056.00,2149.00,19205.00,
2499407G3030,リュープリンＳＲ注射用キット１１．２５ｍｇ,リュープロレリン酢酸塩,１１．２５ｍｇ１筒,武田薬品工業,40500.00,23774.00,8363.00,32137.00,
3112401A1026,オキサロール注２．５μｇ,マキサカルシトール,２．５μｇ１ｍＬ１管,ＬＴＬファーマ,422.00,205.00,108.50,313.50,
3112401A2022,オキサロール注５μｇ,マキサカルシトール,５μｇ１ｍＬ１管,ＬＴＬファーマ,551.00,265.00,143.00,408.00,
3112401A3029,オキサロール注１０μｇ,マキサカルシトール,１０μｇ１ｍＬ１管,ＬＴＬファーマ,800.00,324.00,238.00,562.00,
3112402A1020,ロカルトロール注０．５,カルシトリオール,０．５μｇ１ｍＬ１管,協和キリン,528.00,227.00,150.50,377.50,
3112402A2027,ロカルトロール注１,カルシトリオール,１μｇ１ｍＬ１管,協和キリン,806.00,339.00,233.50,572.50,
3122401A4021,アリナミンＦ５０注,フルスルチアミン塩酸塩,５０ｍｇ２０ｍＬ１管,Ｔ’ｓ製薬,104.00,63.00,20.50,83.50,
3136403A1140,メチコバール注射液５００μｇ,メコバラミン,０．５ｍｇ１管,エーザイ,92.00,67.00,12.50,79.50,
3179504A1116,ネオラミン・スリービー液（静注用）,チアミンジスルフィド・Ｂ６・Ｂ１２配合剤,１０ｍＬ１管,日本化薬,117.00,63.00,27.00,90.00,
3919502A1341,強力ネオミノファーゲンシー静注２０ｍＬ,グリチルリチン・グリシン・システイン配合剤,２０ｍＬ１管,ミノファーゲン製薬,122.00,63.00,29.50,92.50,
3919502A1384,強力ネオミノファーゲンシーＰ静注２０ｍＬ,グリチルリチン・グリシン・システイン配合剤,２０ｍＬ１管,ミノファーゲン製薬,122.00,63.00,29.50,92.50,
3929409A1023,ブリディオン静注２００ｍｇ,スガマデクスナトリウム,２００ｍｇ２ｍＬ１瓶,ＭＳＤ,5578.00,2862.00,1358.00,4220.00,
3929409A2020,ブリディオン静注５００ｍｇ,スガマデクスナトリウム,５００ｍｇ５ｍＬ１瓶,ＭＳＤ,15603.00,6914.00,4344.50,11258.50,
3992400A1123,アデホス－Ｌコーワ注１０ｍｇ,アデノシン三リン酸二ナトリウム水和物,１０ｍｇ１管,興和,68.00,63.00,2.50,65.50,
3992400A2138,アデホス－Ｌコーワ注２０ｍｇ,アデノシン三リン酸二ナトリウム水和物,２０ｍｇ１管,興和,69.00,63.00,3.00,66.00,
3999401A1200,エルシトニン注４０単位,エルカトニン,４０エルカトニン単位１ｍＬ１管,旭化成ファーマ,344.00,229.00,57.50,286.50,
3999401A2028,エルシトニン注１０単位,エルカトニン,１０エルカトニン単位１ｍＬ１管,旭化成ファーマ,95.00,63.00,16.00,79.00,
3999401A3024,エルシトニン注２０Ｓ,エルカトニン,２０エルカトニン単位１ｍＬ１管,旭化成ファーマ,134.00,89.00,22.50,111.50,
3999408G1247,アルツディスポ関節注２５ｍｇ,精製ヒアルロン酸ナトリウム,１％２．５ｍＬ１筒,生化学工業,663.00,600.00,31.50,631.50,
3999419G1024,ボナロン点滴静注バッグ９００μｇ,アレンドロン酸ナトリウム水和物,９００μｇ１００ｍＬ１袋,帝人ファーマ,2955.00,1182.00,886.50,2068.50,
3999422D1020,注射用エラスポール１００,シベレスタットナトリウム水和物,１００ｍｇ１瓶,丸石製薬,2938.00,1314.00,812.00,2126.00,
3999423A1044,ゾメタ点滴静注４ｍｇ／５ｍＬ,ゾレドロン酸水和物,４ｍｇ５ｍＬ１瓶,ノバルティス　ファーマ,7096.00,5905.00,595.50,6500.50,
3999436G1028,エルカルチンＦＦ静注１０００ｍｇシリンジ,レボカルニチン,１，０００ｍｇ５ｍＬ１筒,大塚製薬,772.00,372.00,200.00,572.00,
4219405A1025,トレアキシン点滴静注液１００ｍｇ／４ｍＬ,ベンダムスチン塩酸塩水和物,１００ｍｇ４ｍＬ１瓶,シンバイオ製薬,66868.00,23450.00,21709.00,45159.00,
4224401A7025,キロサイドＮ注１ｇ,シタラビン,１ｇ１瓶,日本新薬,3622.00,3207.00,207.50,3414.50,
4229401D1020,アリムタ注射用５００ｍｇ,ペメトレキセドナトリウム水和物,５００ｍｇ１瓶,日本イーライリリー,75061.00,36314.00,19373.50,55687.50,
4229401D2026,アリムタ注射用１００ｍｇ,ペメトレキセドナトリウム水和物,１００ｍｇ１瓶,日本イーライリリー,18621.00,9551.00,4535.00,14086.00,
4235402D1030,アドリアシン注用１０,ドキソルビシン塩酸塩,１０ｍｇ１瓶,サンドファーマ,1939.00,612.00,663.50,1275.50,
4235402D2036,アドリアシン注用５０,ドキソルビシン塩酸塩,５０ｍｇ１瓶,サンドファーマ,6210.00,2730.00,1740.00,4470.00,
4240403A2050,ベプシド注１００ｍｇ,エトポシド,１００ｍｇ５ｍＬ１瓶,チェプラファーム,2469.00,2309.00,80.00,2389.00,
4240405A3021,ワンタキソテール点滴静注２０ｍｇ／１ｍＬ,ドセタキセル水和物,２０ｍｇ１ｍＬ１瓶,サノフィ,4622.00,2536.00,1043.00,3579.00,
4240405A4028,ワンタキソテール点滴静注８０ｍｇ／４ｍＬ,ドセタキセル水和物,８０ｍｇ４ｍＬ１瓶,サノフィ,16163.00,8792.00,3685.50,12477.50,
4291403A3080,パラプラチン注射液４５０ｍｇ,カルボプラチン,４５０ｍｇ４５ｍＬ１瓶,チェプラファーム,7514.00,7325.00,94.50,7419.50,
4291410A3021,エルプラット点滴静注液２００ｍｇ,オキサリプラチン,２００ｍｇ４０ｍＬ１瓶,高田製薬,21535.00,16680.00,2427.50,19107.50,
4291412D1024,ベルケイド注射用３ｍｇ,ボルテゾミブ,３ｍｇ１瓶,ヤンセンファーマ,66114.00,26076.00,20019.00,46095.00,
4291419D1026,ビダーザ注射用１００ｍｇ,アザシチジン,１００ｍｇ１瓶,日本新薬,19862.00,11003.00,4429.50,15432.50,
6119402D1021,キュビシン静注用３５０ｍｇ,ダプトマイシン,３５０ｍｇ１瓶,ＭＳＤ,8154.00,4543.00,1805.50,6348.50,
6139505G1022,ゾシン配合点滴静注用バッグ４．５,タゾバクタム・ピペラシリン水和物,（４．５ｇ）１キット（生理食塩液１００ｍＬ付）,大鵬薬品工業,1724.00,1722.00,1.00,1723.00,
6179400D1020,ファンガード点滴用５０ｍｇ,ミカファンギンナトリウム,５０ｍｇ１瓶,サンドファーマ,2472.00,1499.00,486.50,1985.50,
6179400D2027,ファンガード点滴用７５ｍｇ,ミカファンギンナトリウム,７５ｍｇ１瓶,サンドファーマ,3965.00,2509.00,728.00,3237.00,
6241402A1021,クラビット点滴静注５００ｍｇ／２０ｍＬ,レボフロキサシン水和物,５００ｍｇ２０ｍＬ１瓶,第一三共,2825.00,1709.00,558.00,2267.00,
6241402G1024,クラビット点滴静注バッグ５００ｍｇ／１００ｍＬ,レボフロキサシン水和物,５００ｍｇ１００ｍＬ１キット,第一三共,2026.00,1695.00,165.50,1860.50,
6249401A1025,ザイボックス注射液６００ｍｇ,リネゾリド,６００ｍｇ３００ｍＬ１袋,ファイザー,8596.00,6316.00,1140.00,7456.00,
6250402F1036,デノシン点滴静注用５００ｍｇ,ガンシクロビル,５００ｍｇ１瓶,田辺ファーマ,9360.00,3744.00,2808.00,6552.00,
7223401A1104,ヒルトニン０．５ｍｇ注射液,プロチレリン酒石酸塩水和物,０．５ｍｇ１管,Ｔ’ｓ製薬,521.00,361.00,80.00,441.00,
7223401A2020,ヒルトニン１ｍｇ注射液,プロチレリン酒石酸塩水和物,１ｍｇ１ｍＬ１管,Ｔ’ｓ製薬,1247.00,828.00,209.50,1037.50,
7223401A3026,ヒルトニン２ｍｇ注射液,プロチレリン酒石酸塩水和物,２ｍｇ１ｍＬ１管,Ｔ’ｓ製薬,2580.00,1714.00,433.00,2147.00,
7290407G1034,プロハンス静注シリンジ１３ｍＬ,ガドテリドール,１３ｍＬ１筒,ブラッコ・ジャパン,3757.00,2944.00,406.50,3350.50,
7290407G2030,プロハンス静注シリンジ１７ｍＬ,ガドテリドール,１７ｍＬ１筒,ブラッコ・ジャパン,4260.00,3813.00,223.50,4036.50,
7290411G1030,マグネスコープ静注３８％シリンジ１０ｍＬ,ガドテル酸メグルミン,３７．６９５％１０ｍＬ１筒,ゲルベ・ジャパン,3444.00,1969.00,737.50,2706.50,
7290411G2037,マグネスコープ静注３８％シリンジ１５ｍＬ,ガドテル酸メグルミン,３７．６９５％１５ｍＬ１筒,ゲルベ・ジャパン,4537.00,2707.00,915.00,3622.00,
7290411G3033,マグネスコープ静注３８％シリンジ２０ｍＬ,ガドテル酸メグルミン,３７．６９５％２０ｍＬ１筒,ゲルベ・ジャパン,6362.00,3280.00,1541.00,4821.00,
7290411G4021,マグネスコープ静注３８％シリンジ１１ｍＬ,ガドテル酸メグルミン,３７．６９５％１１ｍＬ１筒,ゲルベ・ジャパン,3474.00,2230.00,622.00,2852.00,
7290411G5028,マグネスコープ静注３８％シリンジ１３ｍＬ,ガドテル酸メグルミン,３７．６９５％１３ｍＬ１筒,ゲルベ・ジャパン,4177.00,2407.00,885.00,3292.00,
8119400A1025,オキファスト注１０ｍｇ,オキシコドン塩酸塩水和物,１％１ｍＬ１管,シオノギファーマ,271.00,137.00,67.00,204.00,
8119400A2021,オキファスト注５０ｍｇ,オキシコドン塩酸塩水和物,１％５ｍＬ１管,シオノギファーマ,1340.00,638.00,351.00,989.00,
8219401D1021,アルチバ静注用２ｍｇ,レミフェンタニル塩酸塩,２ｍｇ１瓶,ヤンセンファーマ,1682.00,917.00,382.50,1299.50,
8219401D2028,アルチバ静注用５ｍｇ,レミフェンタニル塩酸塩,５ｍｇ１瓶,ヤンセンファーマ,3462.00,1980.00,741.00,2721.00,
1119702G1062,セボフレン吸入麻酔液,セボフルラン,１ｍＬ,丸石製薬,26.40,24.40,1.00,25.40,
1141700J1088,カロナール坐剤小児用５０,アセトアミノフェン,５０ｍｇ１個,あゆみ製薬,26.50,21.60,2.45,24.05,
1141700J2050,カロナール坐剤１００,アセトアミノフェン,１００ｍｇ１個,あゆみ製薬,26.50,21.60,2.45,24.05,
1141700J3048,カロナール坐剤２００,アセトアミノフェン,２００ｍｇ１個,あゆみ製薬,30.70,21.60,4.55,26.15,
1190700S1029,イクセロンパッチ４．５ｍｇ,リバスチグミン,４．５ｍｇ１枚,ノバルティス　ファーマ,118.60,84.40,17.10,101.50,
1190700S1037,リバスタッチパッチ４．５ｍｇ,リバスチグミン,４．５ｍｇ１枚,小野薬品工業,141.10,84.40,28.35,112.75,
1190700S2025,イクセロンパッチ９ｍｇ,リバスチグミン,９ｍｇ１枚,ノバルティス　ファーマ,131.40,91.60,19.90,111.50,
1190700S2033,リバスタッチパッチ９ｍｇ,リバスチグミン,９ｍｇ１枚,小野薬品工業,158.30,91.60,33.35,124.95,
1190700S3021,イクセロンパッチ１３．５ｍｇ,リバスチグミン,１３．５ｍｇ１枚,ノバルティス　ファーマ,133.40,103.00,15.20,118.20,
1190700S3030,リバスタッチパッチ１３．５ｍｇ,リバスチグミン,１３．５ｍｇ１枚,小野薬品工業,160.30,103.00,28.65,131.65,
1190700S4028,イクセロンパッチ１８ｍｇ,リバスチグミン,１８ｍｇ１枚,ノバルティス　ファーマ,143.90,88.70,27.60,116.30,
1190700S4036,リバスタッチパッチ１８ｍｇ,リバスチグミン,１８ｍｇ１枚,小野薬品工業,169.70,88.70,40.50,129.20,
1315701Q3033,サンテゾーン点眼液（０．１％）,デキサメタゾンメタスルホ安息香酸エステルナトリウム,０．１％１ｍＬ,参天製薬,33.90,24.50,4.70,29.20,
1315704Q3126,フルメトロン点眼液０．１％,フルオロメトロン,０．１％１ｍＬ,参天製薬,26.30,19.10,3.60,22.70,
1315706Q2102,リンデロン点眼・点耳・点鼻液０．１％,ベタメタゾンリン酸エステルナトリウム,０．１％１ｍＬ,シオノギファーマ,44.00,32.20,5.90,38.10,
1319701Q1021,ミケラン点眼液１％,カルテオロール塩酸塩,１％１ｍＬ,大塚製薬,87.00,58.00,14.50,72.50,
1319701Q2028,ミケラン点眼液２％,カルテオロール塩酸塩,２％１ｍＬ,大塚製薬,104.90,73.00,15.95,88.95,
1319701Q3024,ミケランＬＡ点眼液１％,カルテオロール塩酸塩,１％１ｍＬ,大塚製薬,196.70,100.00,48.35,148.35,
1319701Q4020,ミケランＬＡ点眼液２％,カルテオロール塩酸塩,２％１ｍＬ,大塚製薬,235.80,124.70,55.55,180.25,
1319702Q2111,チモプトール点眼液０．５％,チモロールマレイン酸塩,０．５％１ｍＬ,参天製薬,69.50,46.30,11.60,57.90,
1319702Q3037,チモプトールＸＥ点眼液０．２５％,チモロールマレイン酸塩,０．２５％１ｍＬ,参天製薬,205.70,169.60,18.05,187.65,
1319702Q4033,チモプトールＸＥ点眼液０．５％,チモロールマレイン酸塩,０．５％１ｍＬ,参天製薬,307.30,205.10,51.10,256.20,
1319702Q5021,リズモンＴＧ点眼液０．２５％,チモロールマレイン酸塩,０．２５％１ｍＬ,わかもと製薬,223.80,169.60,27.10,196.70,
1319702Q6028,リズモンＴＧ点眼液０．５％,チモロールマレイン酸塩,０．５％１ｍＬ,わかもと製薬,266.40,205.10,30.65,235.75,
1319710Q2078,サンコバ点眼液０．０２％,シアノコバラミン,０．０２％５ｍＬ１瓶,参天製薬,94.80,92.30,1.25,93.55,
1319720Q3078,ヒアレイン点眼液０．１％,精製ヒアルロン酸ナトリウム,０．１％５ｍＬ１瓶,参天製薬,192.90,134.60,29.15,163.75,
1319720Q9041,オペガン１．１眼粘弾剤１％,精製ヒアルロン酸ナトリウム,１％１．１ｍＬ１筒,生化学工業,4917.00,4439.30,238.85,4678.15,
1319720Y2020,ヒアレイン点眼液０．３％,精製ヒアルロン酸ナトリウム,０．３％５ｍＬ１瓶,参天製薬,235.20,178.10,28.55,206.65,
1319726Q1102,ジクロード点眼液０．１％,ジクロフェナクナトリウム,０．１％１ｍＬ,わかもと製薬,34.10,24.30,4.90,29.20,
1319730Q1249,ザジテン点眼液０．０５％,ケトチフェンフマル酸塩,３．４５ｍｇ５ｍＬ１瓶,ノバルティス　ファーマ,214.50,144.20,35.15,179.35,
1319735Q1071,アレギサール点眼液０．１％,ペミロラストカリウム,５ｍｇ５ｍＬ１瓶,参天製薬,294.50,209.60,42.45,252.05,
1319736Q1068,トラメラスＰＦ点眼液０．５％,トラニラスト,２５ｍｇ５ｍＬ１瓶,ロートニッテン,243.20,182.60,30.30,212.90,
1319736Q1076,リザベン点眼液０．５％,トラニラスト,２５ｍｇ５ｍＬ１瓶,キッセイ薬品工業,252.90,182.60,35.15,217.75,
1319736Q1084,トラメラス点眼液０．５％,トラニラスト,２５ｍｇ５ｍＬ１瓶,ロートニッテンファーマ,271.50,182.60,44.45,227.05,
1319740Q1048,ニプラノール点眼液０．２５％,ニプラジロール,０．２５％１ｍＬ,テイカ製薬,130.80,105.00,12.90,117.90,
1319740Q1056,ハイパジールコーワ点眼液０．２５％,ニプラジロール,０．２５％１ｍＬ,興和,149.00,105.00,22.00,127.00,
1319742Q1039,クラビット点眼液０．５％,レボフロキサシン水和物,０．５％１ｍＬ,参天製薬,42.60,21.80,10.40,32.20,
1319742Q2027,クラビット点眼液１．５％,レボフロキサシン水和物,１．５％１ｍＬ,参天製薬,41.60,25.90,7.85,33.75,
1319743Q1033,ブロナック点眼液０．１％,ブロムフェナクナトリウム水和物,０．１％１ｍＬ,千寿製薬,55.40,27.70,13.85,41.55,
1319746Q1029,リボスチン点眼液０．０２５％,レボカバスチン塩酸塩,０．０２５％１ｍＬ,参天製薬,62.70,41.80,10.45,52.25,
1319748Q1036,エイゾプト懸濁性点眼液１％,ブリンゾラミド,１％１ｍＬ,ノバルティス　ファーマ,132.30,79.50,26.40,105.90,
1319752Q1024,パタノール点眼液０．１％,オロパタジン塩酸塩,０．１％１ｍＬ,ノバルティス　ファーマ,74.10,44.60,14.75,59.35,
1319753Q1029,ベガモックス点眼液０．５％,モキシフロキサシン塩酸塩,０．５％１ｍＬ,ノバルティス　ファーマ,50.30,26.30,12.00,38.30,
1319754Q1023,トラバタンズ点眼液０．００４％,トラボプロスト,０．００４％１ｍＬ,ノバルティス　ファーマ,305.10,207.50,48.80,256.30,
1319756Q1022,タプロス点眼液０．００１５％,タフルプロスト,０．００１５％１ｍＬ,参天製薬,458.90,242.20,108.35,350.55,
1319757Q1027,ルミガン点眼液０．０３％,ビマトプロスト,０．０３％１ｍＬ,千寿製薬,315.10,177.60,68.75,246.35,
1319761Q1023,アイファガン点眼液０．１％,ブリモニジン酒石酸塩,０．１％１ｍＬ,千寿製薬,239.40,74.20,82.60,156.80,
1319762Q1028,アレジオン点眼液０．０５％,エピナスチン塩酸塩,０．０５％１ｍＬ,参天製薬,168.30,89.00,39.65,128.65,
1319762Q2024,アレジオンＬＸ点眼液０．１％,エピナスチン塩酸塩,０．１％１ｍＬ,参天製薬,465.30,228.30,118.50,346.80,
1319817Q1020,ザラカム配合点眼液,ラタノプロスト・チモロールマレイン酸塩,１ｍＬ,ヴィアトリス製薬,468.00,205.90,131.05,336.95,
1319819Q1020,コソプト配合点眼液,ドルゾラミド塩酸塩・チモロールマレイン酸塩,１ｍＬ,参天製薬,221.00,88.40,66.30,154.70,
1319820Q1022,デュオトラバ配合点眼液,トラボプロスト・チモロールマレイン酸塩,１ｍＬ,ノバルティス　ファーマ,441.00,286.30,77.35,363.65,
1329705Q1298,ザジテン点鼻液０．０５％,ケトチフェンフマル酸塩,６．０４８ｍｇ８ｍＬ１瓶,サンファーマ,338.10,225.40,56.35,281.75,
1329710Q1027,ナゾネックス点鼻液５０μｇ５６噴霧用,モメタゾンフランカルボン酸エステル水和物,５ｍｇ１０ｇ１瓶,オルガノン,643.90,361.20,141.35,502.55,
1329710Q2023,ナゾネックス点鼻液５０μｇ１１２噴霧用,モメタゾンフランカルボン酸エステル水和物,９ｍｇ１８ｇ１瓶,オルガノン,1157.80,707.30,225.25,932.55,
1329711Q1021,アラミスト点鼻液２７．５μｇ５６噴霧用,フルチカゾンフランカルボン酸エステル,３ｍｇ６ｇ１キット,グラクソ・スミスクライン,746.30,526.40,109.95,636.35,
1329711Q2028,アラミスト点鼻液２７．５μｇ１２０噴霧用,フルチカゾンフランカルボン酸エステル,５ｍｇ１０ｇ１キット,グラクソ・スミスクライン,1358.20,1061.90,148.15,1210.05,
2171700S1095,フランドルテープ４０ｍｇ,硝酸イソソルビド,４０ｍｇ１枚,トーアエイヨー,32.20,24.40,3.90,28.30,
2259707S2027,ホクナリンテープ１ｍｇ,ツロブテロール,１ｍｇ１枚,ヴィアトリス製薬,23.50,22.80,0.35,23.15,
2259707S3023,ホクナリンテープ２ｍｇ,ツロブテロール,２ｍｇ１枚,ヴィアトリス製薬,35.90,31.90,2.00,33.90,
2290701G4020,パルミコート吸入液０．２５ｍｇ,ブデソニド,０．２５ｍｇ２ｍＬ１管,アストラゼネカ,84.00,34.60,24.70,59.30,
2290701G5026,パルミコート吸入液０．５ｍｇ,ブデソニド,０．５ｍｇ２ｍＬ１管,アストラゼネカ,114.90,51.40,31.75,83.15,
2290801G1029,シムビコートタービュヘイラー３０吸入,ブデソニド・ホルモテロールフマル酸塩水和物,３０吸入１キット,アストラゼネカ,1242.20,746.30,247.95,994.25,
2290801G2025,シムビコートタービュヘイラー６０吸入,ブデソニド・ホルモテロールフマル酸塩水和物,６０吸入１キット,アストラゼネカ,2042.30,1176.10,433.10,1609.20,
2399706M1087,アフタゾロン口腔用軟膏０．１％,デキサメタゾン,０．１％１ｇ,あゆみ製薬,66.00,35.30,15.35,50.65,
2399714J1026,ナウゼリン坐剤１０,ドンペリドン,１０ｍｇ１個,協和キリン,28.60,21.60,3.50,25.10,
2399714J2022,ナウゼリン坐剤３０,ドンペリドン,３０ｍｇ１個,協和キリン,44.90,35.10,4.90,40.00,
2529708J2058,アデスタン腟錠３００ｍｇ,イソコナゾール硝酸塩,３００ｍｇ１個,バイエル薬品,163.30,139.40,11.95,151.35,
2529709H1046,オキナゾール腟錠１００ｍｇ,オキシコナゾール硝酸塩,１００ｍｇ１錠,田辺ファーマ,39.80,35.10,2.35,37.45,
2529709H2042,オキナゾール腟錠６００ｍｇ,オキシコナゾール硝酸塩,６００ｍｇ１錠,田辺ファーマ,261.40,232.60,14.40,247.00,
2612701Q1102,イソジンスクラブ液７．５％,ポビドンヨード,７．５％１０ｍＬ,ｉＮｏｖａ　Ｐｈａｒｍａｃｅｕｔｉｃａｌｓ　Ｊａｐａｎ,36.40,23.20,6.60,29.80,
2612701Q2109,イソジンゲル１０％,ポビドンヨード,１０％１０ｇ,ｉＮｏｖａ　Ｐｈａｒｍａｃｅｕｔｉｃａｌｓ　Ｊａｐａｎ,38.20,32.90,2.70,35.50,
2612701Q3318,イソジン液１０％,ポビドンヨード,１０％１０ｍＬ,ｉＮｏｖａ　Ｐｈａｒｍａｃｅｕｔｉｃａｌｓ　Ｊａｐａｎ,24.00,13.90,5.10,18.90,
2612701Q4055,イソジンフィールド液１０％,ポビドンヨード,１０％１０ｍＬ,ｉＮｏｖａ　Ｐｈａｒｍａｃｅｕｔｉｃａｌｓ　Ｊａｐａｎ,36.10,18.60,8.80,27.30,
2639700N1032,アクアチムクリーム１％,ナジフロキサシン,１％１ｇ,大塚製薬,18.50,17.00,0.75,17.75,
2639700Q1055,アクアチムローション１％,ナジフロキサシン,１％１ｍＬ,大塚製薬,18.50,17.00,0.75,17.75,
2646701M2156,リンデロン－Ｖ軟膏０．１２％,ベタメタゾン吉草酸エステル,０．１２％１ｇ,シオノギファーマ,14.30,8.00,3.15,11.15,
2646701M2180,ベトネベート軟膏０．１２％,ベタメタゾン吉草酸エステル,０．１２％１ｇ,グラクソ・スミスクライン,17.80,8.00,4.90,12.90,
2646701N2135,リンデロン－Ｖクリーム０．１２％,ベタメタゾン吉草酸エステル,０．１２％１ｇ,シオノギファーマ,14.30,6.30,4.00,10.30,
2646701N2160,ベトネベートクリーム０．１２％,ベタメタゾン吉草酸エステル,０．１２％１ｇ,グラクソ・スミスクライン,17.80,6.30,5.75,12.05,
2646701Q1038,リンデロン－Ｖローション,ベタメタゾン吉草酸エステル,０．１２％１ｍＬ,シオノギファーマ,14.30,8.00,3.15,11.15,
2646705M1107,レダコート軟膏０．１％,トリアムシノロンアセトニド,０．１％１ｇ,アルフレッサファーマ,14.60,3.70,5.45,9.15,
2646708M1216,トプシム軟膏０．０５％,フルオシノニド,０．０５％１ｇ,田辺ファーマ,10.80,10.20,0.30,10.50,
2646708N1238,トプシムＥクリーム０．０５％,フルオシノニド,０．０５％１ｇ,田辺ファーマ,10.80,10.20,0.30,10.50,
2646708N1246,トプシムクリーム０．０５％,フルオシノニド,０．０５％１ｇ,田辺ファーマ,10.80,10.20,0.30,10.50,
2646709M1121,フルコート軟膏０．０２５％,フルオシノロンアセトニド,０．０２５％１ｇ,田辺ファーマ,14.00,10.80,1.60,12.40,
2646726M1095,メサデルム軟膏０．１％,デキサメタゾンプロピオン酸エステル,０．１％１ｇ,岡山大鵬薬品,9.20,6.50,1.35,7.85,
2646726N1090,メサデルムクリーム０．１％,デキサメタゾンプロピオン酸エステル,０．１％１ｇ,岡山大鵬薬品,9.20,6.50,1.35,7.85,
2646726Q1046,メサデルムローション０．１％,デキサメタゾンプロピオン酸エステル,０．１％１ｇ,岡山大鵬薬品,9.20,6.50,1.35,7.85,
2649729S2169,モーラステープ２０ｍｇ,ケトプロフェン,７ｃｍ×１０ｃｍ１枚,久光製薬,18.10,18.00,0.05,18.05,
2649729S3084,モーラステープＬ４０ｍｇ,ケトプロフェン,１０ｃｍ×１４ｃｍ１枚,久光製薬,26.60,25.70,0.45,26.15,
2649729S5028,モーラスパップＸＲ１２０ｍｇ,ケトプロフェン,１０ｃｍ×１４ｃｍ１枚,久光製薬,27.30,18.20,4.55,22.75,
2649731Q1065,ナパゲルンローション３％,フェルビナク,３％１ｍＬ,帝國製薬,4.40,2.60,0.90,3.50,
2649734Q1050,ナボールゲル１％,ジクロフェナクナトリウム,１％１ｇ,久光製薬,5.30,3.10,1.10,4.20,
2649734Q1069,ボルタレンゲル１％,ジクロフェナクナトリウム,１％１ｇ,同仁医薬化工,3.20,3.10,0.05,3.15,
2649734Q2022,ボルタレンローション１％,ジクロフェナクナトリウム,１％１ｇ,同仁医薬化工,3.20,3.10,0.05,3.15,
2649950M1143,ヒルドイドゲル０．３％,ヘパリン類似物質,１ｇ,マルホ,10.30,7.80,1.25,9.05,
2655700N1176,エンペシドクリーム１％,クロトリマゾール,１％１ｇ,バイエル薬品,9.70,8.10,0.80,8.90,
2655708N1261,マイコスポールクリーム１％,ビホナゾール,１％１ｇ,バイエル薬品,12.80,10.90,0.95,11.85,
2655709N1053,ニゾラールクリーム２％,ケトコナゾール,２％１ｇ,帝國製薬,14.50,12.50,1.00,13.50,
2655712M1025,ルリコン軟膏１％,ルリコナゾール,１％１ｇ,サンファーマ,28.20,14.90,6.65,21.55,
2655712N1020,ルリコンクリーム１％,ルリコナゾール,１％１ｇ,サンファーマ,28.20,14.90,6.65,21.55,
2659710N1152,ラミシールクリーム１％,テルビナフィン塩酸塩,１％１ｇ,サンファーマ,15.80,10.80,2.50,13.30,
2659710Q1078,ラミシール外用液１％,テルビナフィン塩酸塩,１％１ｇ,サンファーマ,15.80,10.80,2.50,13.30,
2669701N1044,ウレパールクリーム１０％,尿素,１０％１ｇ,大塚製薬工場,4.00,2.90,0.55,3.45,
2669701N2040,パスタロンクリーム２０％,尿素,２０％１ｇ,佐藤製薬,4.30,3.30,0.50,3.80,
2669701N2067,ケラチナミンコーワクリーム２０％,尿素,２０％１ｇ,興和,4.10,3.30,0.40,3.70,
2691702M1036,オキサロール軟膏２５μｇ／ｇ,マキサカルシトール,０．００２５％１ｇ,マルホ,39.20,30.10,4.55,34.65,
2699709M1028,プロトピック軟膏０．１％,タクロリムス水和物,０．１％１ｇ,マルホ,47.00,31.10,7.95,39.05,
2699711Q1027,ディフェリンゲル０．１％,アダパレン,０．１％１ｇ,マルホ,40.10,21.20,9.45,30.65,
3339950M1137,ヒルドイドソフト軟膏０．３％,ヘパリン類似物質,１ｇ,マルホ,17.70,6.30,5.70,12.00,
3339950N1035,ヒルドイドクリーム０．３％,ヘパリン類似物質,１ｇ,マルホ,17.70,6.30,5.70,12.00,
3339950Q1074,ヒルドイドローション０．３％,ヘパリン類似物質,１ｇ,マルホ,17.70,6.30,5.70,12.00,
3339950R1177,ヒルドイドフォーム０．３％,ヘパリン類似物質,１ｇ,マルホ,18.20,10.90,3.65,14.55,
6250700M1189,アラセナ－Ａ軟膏３％,ビダラビン,３％１ｇ,持田製薬,104.70,69.80,17.45,87.25,
6250700N1036,アラセナ－Ａクリーム３％,ビダラビン,３％１ｇ,持田製薬,104.70,69.80,17.45,87.25,
6250701M1027,ゾビラックス軟膏５％,アシクロビル,５％１ｇ,グラクソ・スミスクライン,90.60,60.40,15.10,75.50,
6250701N1049,ゾビラックスクリーム５％,アシクロビル,５％１ｇ,グラクソ・スミスクライン,90.60,60.40,15.10,75.50,
6290702Q1029,クレナフィン爪外用液１０％,エフィナコナゾール,１０％１ｇ,科研製薬,1312.50,654.60,328.95,983.55,
8219700T1026,ワンデュロパッチ０．８４ｍｇ,フェンタニル,０．８４ｍｇ１枚,ヤンセンファーマ,444.70,253.80,95.45,349.25,
8219700T2022,ワンデュロパッチ１．７ｍｇ,フェンタニル,１．７ｍｇ１枚,ヤンセンファーマ,831.00,462.40,184.30,646.70,
8219700T3029,ワンデュロパッチ３．４ｍｇ,フェンタニル,３．４ｍｇ１枚,ヤンセンファーマ,1526.20,874.40,325.90,1200.30,
8219700T4025,ワンデュロパッチ５ｍｇ,フェンタニル,５ｍｇ１枚,ヤンセンファーマ,2136.40,1249.60,443.40,1693.00,
8219700T5021,ワンデュロパッチ６．７ｍｇ,フェンタニル,６．７ｍｇ１枚,ヤンセンファーマ,2927.1,1575.1,676.00,2251.10,
2760804M1024,ペリオクリン歯科用軟膏,ミノサイクリン塩酸塩,１０ｍｇ０．５ｇ１シリンジ,サンスター,501.4,491.9,4.75,496.65,
,,,,,,,,,
,,,,,,,,,
,,,,,,,,,
,,,,,,,,,
,,,,,,,,,
,,,,,,,,,
,,,,,,,,,
,,,,,,,,,
,,,,,,,,,
,,,,,,,,,
,,,,,,,,,
,,,,,,,,,
,,,,,,,,,
,,,,,,,,,
,,,,,,,,,
,,,,,,,,,
,,,,,,,,,
,,,,,,,,,
,,,,,,,,,
,,,,,,,,,
,,,,,,,,,
,,,,,,,,,
,,,,,,,,,
,,,,,,,,,
,,,,,,,,,
,,,,,,,,,
,,,,,,,,,
,,,,,,,,,
,,,,,,,,,
,,,,,,,,,
,,,,,,,,,
,,,,,,,,,
,,,,,,,,,
,,,,,,,,,
,,,,,,,,,
,,,,,,,,,
,,,,,,,,,
,,,,,,,,,
,,,,,,,,,
,,,,,,,,,
,,,,,,,,,
,,,,,,,,,
,,,,,,,,,
,,,,,,,,,
,,,,,,,,,
,,,,,,,,,
,,,,,,,,,
,,,,,,,,,
,,,,,,,,,
,,,,,,,,,
,,,,,,,,,
,,,,,,,,,
,,,,,,,,,
,,,,,,,,,
,,,,,,,,,
,,,,,,,,,
,,,,,,,,,
,,,,,,,,,
,,,,,,,,,
,,,,,,,,,
,,,,,,,,,
,,,,,,,,,
,,,,,,,,,
,,,,,,,,,
,,,,,,,,,
,,,,,,,,,
,,,,,,,,,
,,,,,,,,,
,,,,,,,,,
,,,,,,,,,
,,,,,,,,,
,,,,,,,,,
,,,,,,,,,
,,,,,,,,,
,,,,,,,,,
,,,,,,,,,
,,,,,,,,,
,,,,,,,,,
,,,,,,,,,
,,,,,,,,,
,,,,,,,,,
,,,,,,,,,
,,,,,,,,,
,,,,,,,,,
,,,,,,,,,
,,,,,,,,,
,,,,,,,,,
,,,,,,,,,
,,,,,,,,,
,,,,,,,,,
,,,,,,,,,
,,,,,,,,,
,,,,,,,,,
,,,,,,,,,
,,,,,,,,,
,,,,,,,,,
,,,,,,,,,
,,,,,,,,,
,,,,,,,,,
,,,,,,,,,
,,,,,,,,,
,,,,,,,,,
,,,,,,,,,
,,,,,,,,,
,,,,,,,,,
,,,,,,,,,
,,,,,,,,,
,,,,,,,,,
,,,,,,,,,
,,,,,,,,,
,,,,,,,,,
,,,,,,,,,
,,,,,,,,,
,,,,,,,,,
,,,,,,,,,
,,,,,,,,,
,,,,,,,,,
,,,,,,,,,
,,,,,,,,,
,,,,,,,,,
,,,,,,,,,
,,,,,,,,,
,,,,,,,,,
,,,,,,,,,
,,,,,,,,,
,,,,,,,,,
,,,,,,,,,
,,,,,,,,,
,,,,,,,,,
,,,,,,,,,
,,,,,,,,,
,,,,,,,,,
,,,,,,,,,
,,,,,,,,,
,,,,,,,,,
,,,,,,,,,
,,,,,,,,,
,,,,,,,,,
,,,,,,,,,
,,,,,,,,,
,,,,,,,,,
,,,,,,,,,
,,,,,,,,,
,,,,,,,,,
,,,,,,,,,
,,,,,,,,,
,,,,,,,,,
,,,,,,,,,
,,,,,,,,,
,,,,,,,,,
,,,,,,,,,
,,,,,,,,,
,,,,,,,,,
,,,,,,,,,
,,,,,,,,,
,,,,,,,,,
,,,,,,,,,
,,,,,,,,,
,,,,,,,,,
,,,,,,,,,
,,,,,,,,,
,,,,,,,,,
,,,,,,,,,
,,,,,,,,,
,,,,,,,,,
,,,,,,,,,
,,,,,,,,,
,,,,,,,,,
,,,,,,,,,
,,,,,,,,,
,,,,,,,,,
,,,,,,,,,
,,,,,,,,,
,,,,,,,,,
,,,,,,,,,
,,,,,,,,,
,,,,,,,,,
,,,,,,,,,
,,,,,,,,,
,,,,,,,,,
,,,,,,,,,
,,,,,,,,,
,,,,,,,,,
,,,,,,,,,
,,,,,,,,,
,,,,,,,,,
,,,,,,,,,
,,,,,,,,,
,,,,,,,,,
,,,,,,,,,
,,,,,,,,,
,,,,,,,,,
,,,,,,,,,
,,,,,,,,,
,,,,,,,,,
,,,,,,,,,
,,,,,,,,,
,,,,,,,,,
,,,,,,,,,
,,,,,,,,,
,,,,,,,,,
,,,,,,,,,
,,,,,,,,,
,,,,,,,,,
,,,,,,,,,
,,,,,,,,,
,,,,,,,,,
,,,,,,,,,
,,,,,,,,,
,,,,,,,,,
,,,,,,,,,
,,,,,,,,,
,,,,,,,,,
,,,,,,,,,
,,,,,,,,,
,,,,,,,,,
,,,,,,,,,
,,,,,,,,,
,,,,,,,,,
,,,,,,,,,
,,,,,,,,,
,,,,,,,,,
,,,,,,,,,
,,,,,,,,,
,,,,,,,,,
,,,,,,,,,
,,,,,,,,,
,,,,,,,,,
,,,,,,,,,
,,,,,,,,,
,,,,,,,,,
,,,,,,,,,
,,,,,,,,,
,,,,,,,,,
,,,,,,,,,
,,,,,,,,,
,,,,,,,,,
,,,,,,,,,
,,,,,,,,,
,,,,,,,,,
,,,,,,,,,
,,,,,,,,,
,,,,,,,,,
,,,,,,,,,
,,,,,,,,,
,,,,,,,,,
,,,,,,,,,
,,,,,,,,,
,,,,,,,,,
,,,,,,,,,
,,,,,,,,,
,,,,,,,,,
,,,,,,,,,
,,,,,,,,,
,,,,,,,,,
,,,,,,,,,
,,,,,,,,,
,,,,,,,,,
,,,,,,,,,
,,,,,,,,,
,,,,,,,,,
,,,,,,,,,
,,,,,,,,,
,,,,,,,,,
,,,,,,,,,
,,,,,,,,,
,,,,,,,,,
,,,,,,,,,
,,,,,,,,,
,,,,,,,,,
,,,,,,,,,
,,,,,,,,,
,,,,,,,,,
,,,,,,,,,
,,,,,,,,,
,,,,,,,,,
,,,,,,,,,
,,,,,,,,,
,,,,,,,,,
,,,,,,,,,
,,,,,,,,,
,,,,,,,,,
,,,,,,,,,
,,,,,,,,,
,,,,,,,,,
,,,,,,,,,
,,,,,,,,,
,,,,,,,,,
,,,,,,,,,
,,,,,,,,,
,,,,,,,,,
,,,,,,,,,
,,,,,,,,,
,,,,,,,,,
,,,,,,,,,
,,,,,,,,,
,,,,,,,,,
,,,,,,,,,
,,,,,,,,,
,,,,,,,,,
,,,,,,,,,
,,,,,,,,,
,,,,,,,,,
,,,,,,,,,
,,,,,,,,,
,,,,,,,,,
,,,,,,,,,
,,,,,,,,,
,,,,,,,,,
,,,,,,,,,
,,,,,,,,,
,,,,,,,,,
,,,,,,,,,
,,,,,,,,,
,,,,,,,,,
,,,,,,,,,
,,,,,,,,,
,,,,,,,,,
